student_id,name,department,year,phone,email,address,has_car,preferred_role,schedule_flexibility,rating
88715836,Anahita Bansal,Civil,4,9543654160,ritvik12@example.org,"85
Chacko Ganj, Etawah 906320",True,Driver,1,4.5
12951562,Advik Kale,Electronics,3,+910772779549,samairabaria@example.org,"H.No. 181
Sandhu
Barasat 427164",False,Driver,2,4.8
87488315,Vardaniya Talwar,Computer Science,1,04302405672,dassmanjari@example.com,"915
Soman Circle, Anantapuram-269177",True,Passenger,5,4.5
5901149,Hrishita Karpe,Civil,2,+918989599874,kuruvillaarmaan@example.com,"H.No. 820, Sant Marg, Jorhat-358128",False,Passenger,1,3.1
572286,Nirvi Chand,Electrical,2,+918381838044,mishasahni@example.net,"608
Shankar Circle
Gurgaon-253187",False,Passenger,5,3.1
56626489,Dharmajan Varma,Chemical,3,1461550191,egaba@example.net,"89
Acharya Path
Munger-928204",True,Both,2,4.7
41258565,Arnav Dass,Computer Science,3,+913316194465,mandalaniruddh@example.com,"51/796
Chaudhari Path
Pune 638216",True,Passenger,1,4.9
46032254,Arnav Krishnan,Mechanical,4,+910331131643,pihu77@example.net,"H.No. 380
Som Path
Pune 435352",False,Driver,1,3.5
56025278,Divit Keer,Chemical,4,+914535442733,qmahal@example.com,"84/981, Samra Chowk
Ramagundam-207842",True,Driver,4,4.3
73372462,Anika Tak,Mechanical,3,+918209696269,neysa17@example.net,"81/588
Dewan Path
Mehsana 860464",False,Both,1,3.9
99507076,Ojas Chaudhry,Chemical,3,06455910736,sabharwaleva@example.net,"H.No. 26, Balasubramanian Street, Kollam 718236",False,Passenger,1,4.5
80957619,Alisha Sastry,Mechanical,4,+918386122414,andraadvika@example.org,"957, Sami Nagar
Phusro-950865",False,Passenger,2,3.7
16651151,Priyansh Garde,Mechanical,2,03028809816,tiwarisaanvi@example.com,"75/30
Choudhury Street
Surat 405054",True,Passenger,4,4.6
97945836,Aradhya Tank,Mechanical,1,03492147753,aarna67@example.com,"H.No. 20, Shan Road
Bahraich 499887",False,Passenger,4,3.4
48454634,Rati Lata,Chemical,2,01923739718,kamdaraayush@example.com,"064, Subramanian Nagar, Patna 786023",True,Driver,3,4.8
79872365,Dishani Sampath,Electrical,3,+919497792217,reneedewan@example.com,"H.No. 09, Dash Ganj, Katihar 036522",False,Driver,2,3.8
95458001,Kimaya Kakar,Computer Science,3,0031947789,yram@example.net,"H.No. 458, Sarma Nagar
Buxar-872329",True,Both,1,4.7
74462501,Samiha Bobal,Chemical,3,7311651316,bhavinkannan@example.org,"71/915, Upadhyay Path, Agartala 942756",False,Both,2,3.4
39135950,Gokul Keer,Computer Science,3,5282571171,vidurramachandran@example.net,"271, Lad Circle, Ahmednagar-264243",False,Both,1,3.5
26571195,Nayantara Kapur,Electronics,4,+915271964577,dhanushsharma@example.net,"97/973, Jani Nagar, Bhalswa Jahangir Pur-612378",True,Driver,5,4.1
41220607,Samiha Sidhu,Mechanical,2,5364693577,madhuployal@example.net,"618
Roy Nagar, Hajipur 480727",False,Passenger,4,4.9
66086434,Baiju Sanghvi,Computer Science,1,7833603434,gokulsolanki@example.org,"H.No. 50, Saha Street, Durg 646646",False,Driver,1,4.8
10088602,Samarth Soman,Computer Science,4,4912475374,usoman@example.net,"H.No. 45, Tripathi Zila, Agartala-253981",False,Both,5,3.6
7455503,Aradhya Dhar,Chemical,2,02774925763,dishani10@example.org,"H.No. 51, Bhargava Marg, Raiganj-190494",False,Passenger,5,3.6
29638714,Vedika Anand,Electrical,1,+916713687670,sarmafaiyaz@example.com,"588
Doshi Chowk, Anantapuram 467781",False,Driver,2,4.3
26854888,Ranbir Basu,Electrical,2,+910814150128,anahi33@example.com,"30/941
Loke Circle, Pondicherry-179368",True,Both,4,4.1
42228619,Kavya Raj,Computer Science,4,1879417173,swaminathantaimur@example.org,"11
Brar Marg, Tinsukia-721840",False,Passenger,3,3.5
88746980,Tejas Kala,Mechanical,1,+918980910070,beradishani@example.net,"63/92
Doctor Street, Navi Mumbai-151775",True,Driver,2,4.7
90424844,Yashvi Sehgal,Electrical,2,04340437737,aviswanathan@example.org,"H.No. 504, Mangal Road, Motihari 111884",True,Driver,3,3.3
62920664,Khushi Jain,Civil,4,6986835792,madhavacharya@example.net,"H.No. 797, Shetty Nagar, Darbhanga-408885",False,Passenger,5,4.6
39067904,Uthkarsh Thakur,Electrical,4,04644807838,hdalal@example.org,"48/126
Jaggi Path
Hajipur-423349",False,Passenger,5,4.7
92194207,Rasha Contractor,Electrical,4,+916848055575,taranbera@example.org,"58/142, Ram, Jehanabad-078680",False,Both,1,4.5
66985196,Dhanush Ganesh,Mechanical,3,+915135659604,manijayan@example.com,"33, Bajwa Path, Chandigarh 084721",False,Driver,3,4.4
20443576,Yashvi Loyal,Electronics,2,+915158942792,battaehsaan@example.org,"H.No. 111
Choudhry Marg, Bokaro-333921",False,Passenger,4,3.5
86512945,Divit Dhillon,Civil,2,3631832288,pbhatia@example.org,"05/810, Rattan Marg
Jabalpur 168351",False,Both,1,3.7
3712228,Vivaan Mann,Computer Science,3,3348879596,sharafpriyansh@example.com,"19
Hans Path
Bhimavaram 687823",False,Passenger,5,4.1
67303032,Tarini Garde,Computer Science,3,8460474253,krishnannishith@example.net,"648
Das Marg, Chinsurah-189125",True,Passenger,1,3.5
111359,Advik Saini,Electrical,4,8442189361,hchaudhry@example.net,"H.No. 557, Salvi Zila
Jamalpur-007600",True,Both,5,3.3
15258153,Vidur Sagar,Electrical,2,4625431165,bhagatshray@example.com,"58/446
Bakshi Path, Bhopal 163455",True,Passenger,4,4.2
37408199,Rhea Lanka,Electronics,4,7746645094,mkaul@example.com,"69/09, Kar Chowk, Siwan 336746",False,Driver,4,4.0
28196647,Parinaaz Balasubramanian,Chemical,1,04791694869,nehmatchakrabarti@example.com,"087, Bakshi Zila, South Dumdum 732669",False,Both,1,4.4
88469238,Kiaan Gala,Electrical,1,+911788556809,mishtichopra@example.org,"H.No. 199
Bala Chowk, Alwar 610809",True,Passenger,3,4.6
80300003,Tanya Khurana,Civil,4,+919817171580,stuvanrajagopalan@example.net,"38/922, Bera Nagar, Junagadh-278515",False,Passenger,4,4.7
22948871,Sara Lata,Electronics,1,7729061477,jkoshy@example.com,"80
Rao
Jalandhar 019238",True,Passenger,4,4.3
33998786,Dhanuk Bora,Civil,3,02829064895,aarush28@example.org,"H.No. 481, Hayre Road
Kota-989209",False,Passenger,2,4.1
54792367,Vidur Acharya,Mechanical,4,03216240212,rhea42@example.org,"08/403, Dyal Ganj
Jorhat 118818",False,Passenger,2,4.9
6822775,Trisha Lad,Computer Science,3,5431582083,samairamadan@example.com,"69/62, Sandal Road
Mathura-032927",False,Driver,2,3.3
62431647,Raunak Balan,Mechanical,4,+919948682552,anayaagrawal@example.org,"792, Kumer Nagar
Raichur-980128",True,Passenger,4,4.3
26056826,Kismat Sharma,Chemical,2,+919691457487,ibandi@example.com,"H.No. 21, Kulkarni Street
Varanasi-175585",True,Driver,1,3.6
26458633,Tiya Kale,Chemical,4,+914335017163,alishaiyengar@example.net,"65, Goswami Street, Panchkula 588144",True,Passenger,2,4.4
53431495,Yakshit Mall,Computer Science,4,+916625612000,tandonsumer@example.com,"048, Golla Zila
Nanded-201341",False,Passenger,5,4.3
19863613,Samar Chandran,Electronics,4,+917478364456,mishti29@example.net,"85
Chowdhury Chowk
Fatehpur-165973",False,Both,3,3.4
10392116,Amani Sodhi,Computer Science,2,7810035349,srastogi@example.net,"H.No. 395, Kanda Circle
Thane 654092",True,Both,1,3.6
44818965,Aarav Thakur,Computer Science,3,07604220989,charvi59@example.com,"89/049
Sura Road
Tiruppur 672683",True,Passenger,4,4.1
54969685,Hunar Chowdhury,Electrical,1,+919386227585,nitya05@example.com,"78
Bir, Tadepalligudem-349158",False,Passenger,5,4.8
82524511,Faiyaz Tara,Chemical,2,2168288807,keyasachar@example.net,"28, Uppal Chowk
Jaunpur-540305",False,Driver,5,4.2
41956312,Hazel Hari,Computer Science,4,2477689198,ira48@example.net,"H.No. 410
Sarin Chowk
Kolhapur 618543",True,Driver,5,3.9
51957434,Madhav Chaudhuri,Computer Science,2,+910676044670,lalsana@example.com,"H.No. 36, Badami Street, Aizawl-675687",True,Passenger,2,3.4
49847556,Kaira Dada,Chemical,4,2318511133,ghoseeshani@example.net,"49, Ravel Marg, Dehradun 905930",False,Passenger,5,3.1
44349003,Kiaan Virk,Chemical,4,+916897403524,aarnadora@example.org,"H.No. 111
Arya Marg
Gorakhpur 123188",False,Driver,3,3.7
26809787,Yashvi Bhatti,Civil,4,5882324420,gsahota@example.net,"53/556
Kala Ganj
Satna 862594",True,Both,2,3.7
88603307,Mohanlal Bakshi,Civil,2,1149903160,saanvitailor@example.org,"H.No. 225, Atwal, South Dumdum-135293",True,Passenger,3,3.2
62891946,Shalv Chaudhuri,Civil,3,5665107929,ayeshaandra@example.com,"54/36
Iyer Path, Varanasi-725890",True,Driver,5,3.9
28585094,Tejas Tandon,Civil,1,2045621510,tarinikata@example.net,"35/38
Bava
Machilipatnam 410037",True,Both,5,3.0
28054421,Vaibhav Anand,Civil,3,+911978756672,myra96@example.net,"H.No. 91
Vig Path, Anantapuram-206520",False,Driver,5,4.5
67266891,Indranil Master,Civil,1,+911483193431,tatajayant@example.com,"05/91, Chawla Nagar, Ongole 161408",True,Passenger,1,3.7
55229232,Kimaya Krishnan,Civil,4,+918293486369,lakshaywali@example.org,"35/45, Chawla Road
Hapur-761186",False,Driver,4,4.4
80675562,Tara Agarwal,Civil,3,01717014086,qkumar@example.org,"495, Master Street
Guntakal-332886",True,Driver,1,4.8
70915588,Himmat Lanka,Electrical,3,09222656421,kimaya65@example.net,"10/37
Sami Zila, Bhagalpur 514421",False,Both,3,3.7
88106999,Taimur Doshi,Electronics,4,+915278240295,karpesamaira@example.org,"H.No. 752, Chopra Road
Ajmer 563054",False,Both,2,4.3
23127543,Anahi Vohra,Civil,1,3216247558,myra39@example.com,"12, Chana Road, Hapur 660077",False,Driver,4,3.2
33096001,Dharmajan Kar,Computer Science,4,6779227127,farhan80@example.org,"78/923
Shan Street
Giridih 661508",False,Both,3,3.1
36244285,Uthkarsh Rau,Chemical,4,7836125924,kabirchowdhury@example.org,"36/149
Buch Marg, Bokaro 020457",True,Driver,1,3.6
63351213,Jayesh Gandhi,Electronics,4,1469057421,routmadhav@example.com,"H.No. 47, Bhatnagar
Raurkela Industrial Township 652410",True,Both,3,4.8
72930733,Shaan Bedi,Mechanical,1,4191584510,fshenoy@example.net,"74
Jayaraman Circle, Udupi-879119",True,Both,1,3.3
67726603,Piya Khurana,Chemical,1,07177372912,darakanav@example.com,"88/355, Chana Street
Kolhapur 783801",True,Both,2,3.4
17609183,Gokul Date,Mechanical,1,5994432366,deoakarsh@example.org,"28/85
Brahmbhatt Chowk, Nandyal-113016",True,Both,2,3.1
11338964,Inaaya  Salvi,Electronics,2,+913073275132,gatik00@example.org,"H.No. 57, Rattan Zila, Jammu-277726",False,Both,3,3.9
3743977,Vritika Sami,Electronics,2,+911257929660,shamik01@example.org,"H.No. 603, Shroff Nagar, Bilaspur-154901",True,Passenger,1,3.5
22773444,Hansh Tandon,Chemical,2,02298715243,miraanseth@example.com,"H.No. 65
Karnik Circle
Gandhidham-399046",False,Driver,2,3.2
85734901,Lavanya Thaman,Civil,4,+911155447977,kashyapmehul@example.net,"H.No. 10, Manda Nagar, Muzaffarpur 512378",True,Driver,3,3.5
56270663,Kanav Kalla,Civil,4,2262129018,qkrishnan@example.org,"22/88, Chawla Path, Chennai 452519",False,Driver,5,3.1
83151112,Arhaan Dara,Mechanical,4,1558886121,sridharvritika@example.com,"59/254, Rout, Thiruvananthapuram 857464",False,Passenger,4,4.0
18416569,Kavya Sekhon,Mechanical,1,03168895503,pbarad@example.com,"H.No. 92
Sarkar Ganj, Giridih-745293",True,Passenger,3,3.3
87511895,Taran Sanghvi,Electrical,3,07300562114,tara99@example.net,"H.No. 826, Bera Street, Baranagar-025400",False,Passenger,5,3.6
71030773,Lavanya Bhattacharyya,Electronics,4,02353948318,rohandhawan@example.net,"28
Balay Path, Tiruvottiyur 270894",False,Driver,3,4.7
85977377,Dharmajan Sachdev,Electrical,4,07619241178,raghavchokshi@example.org,"08, Kala Nagar, Orai 042436",False,Both,4,3.1
3708085,Sumer Sachdev,Civil,2,02140106756,shanela@example.com,"80, Chakrabarti Nagar, Gwalior 069929",False,Driver,5,3.8
63581376,Samiha Raval,Electronics,1,+910046371454,zainadani@example.com,"672
Banerjee Ganj
Panvel 610131",True,Both,2,4.4
7137485,Mahika Dhillon,Computer Science,3,03177389660,azad47@example.org,"08/813, Keer Street, Bally-687310",False,Driver,1,4.1
37475169,Manjari Bedi,Computer Science,2,+918219644635,qswamy@example.net,"68/049, Bawa
Vijayawada 469882",True,Driver,1,3.1
35429155,Nehmat Kari,Civil,2,06982202471,sumershenoy@example.org,"H.No. 73, Doctor Zila
Thrissur-204241",False,Both,4,3.5
10962715,Yashvi Upadhyay,Civil,4,07120807706,riya90@example.org,"742
Goswami Street, Khandwa 107027",True,Driver,1,3.0
80428384,Nitya Bhakta,Electrical,4,+919041550290,sarafanahi@example.net,"H.No. 56
Datta Chowk, Phagwara 138538",False,Both,3,3.8
23776146,Dharmajan Agarwal,Electrical,3,00171595698,prishasama@example.com,"95/933, Saini Nagar, Srinagar 998641",False,Driver,4,3.1
57839550,Fateh Kara,Computer Science,1,7093050367,vedikasehgal@example.com,"552
Sankaran Chowk
Danapur-045636",False,Both,3,4.9
61397899,Samarth Walia,Mechanical,1,00208863433,zsamra@example.com,"88/049
Sandhu Street
Panihati 786119",True,Both,5,4.0
36866331,Shlok Babu,Civil,1,00295384375,mwalia@example.net,"180, Hans Ganj, Panvel 391513",True,Passenger,4,4.5
59922729,Sana Bali,Chemical,2,+913927308208,piya72@example.com,"49/30
Sarin Nagar, Pune-548588",False,Passenger,1,4.6
38537209,Kaira Mani,Computer Science,1,08523042272,yramachandran@example.net,"H.No. 11, Bera Path, Nashik-407779",True,Driver,1,3.1
71597808,Faiyaz Dugal,Electronics,3,+910688657259,lavanyachand@example.net,"H.No. 078, Tata Zila
Udupi 903404",False,Passenger,4,3.6
73217897,Sara Ravi,Electrical,3,03216304777,rajagopalamira@example.org,"H.No. 147
Rege Chowk
Gulbarga 127344",False,Driver,2,4.8
4349625,Riya Ramakrishnan,Computer Science,4,+916728379282,kallaadvik@example.com,"H.No. 06, Sethi Nagar
Ichalkaranji-598939",True,Both,3,4.8
71978742,Jhanvi Sankar,Mechanical,4,08800118781,aarna10@example.org,"495
Dhingra Circle
North Dumdum-351667",False,Driver,5,4.4
52057659,Ivana Lalla,Mechanical,1,06692230352,subramaniantushar@example.com,"84, Kala Zila
Amritsar 296613",True,Both,3,4.5
74188957,Vritika D’Alia,Electronics,4,5767937827,riyavarghese@example.org,"H.No. 45, Lad Chowk, Bikaner-896232",True,Both,1,3.1
254751,Jhanvi Loyal,Mechanical,2,6167383638,sehgaltaran@example.net,"94/49
Doshi Street
Guntakal-932339",False,Both,5,4.8
90969564,Oorja Chaudhry,Computer Science,2,1790505211,lgour@example.org,"21/78, Kade Nagar, Kalyan-Dombivli-469309",False,Driver,4,3.3
46628399,Krish Ghosh,Mechanical,1,+914568049602,shlokseshadri@example.com,"26
Rajagopal Path, Bharatpur-212069",False,Driver,5,4.4
25813868,Yasmin Badal,Chemical,4,7138325046,vivaansarkar@example.net,"34/565, Dutt Ganj
Bhimavaram-372622",True,Passenger,1,3.4
10598908,Madhup Sule,Electrical,3,+917654977259,neysamadan@example.com,"41/954
Sethi Chowk
Asansol 209048",True,Driver,5,4.6
25063096,Taimur Krishna,Electrical,4,1743615249,tkrishnan@example.org,"86/71, Ratti Circle, Moradabad 640454",True,Driver,4,3.9
16778083,Mehul Dhingra,Electrical,2,0913423457,sethrati@example.org,"80/75, Sama Zila, Loni 946438",False,Passenger,5,4.6
75750285,Nehmat Kadakia,Chemical,4,+919254682761,zeeshan46@example.net,"412
Chanda Road, Bidhannagar-425432",False,Both,2,4.0
67509466,Vanya Divan,Mechanical,4,1375071635,divij22@example.com,"H.No. 51, Deo
Surat 286011",False,Passenger,4,3.8
60220729,Tejas Sawhney,Mechanical,3,+915744976895,rborde@example.net,"H.No. 52
Bassi Street
Ramgarh-584072",True,Both,3,3.9
86636182,Sumer Sastry,Mechanical,3,08818350946,aissac@example.org,"H.No. 852
Jani Nagar
Baranagar 272269",False,Driver,4,3.2
51688974,Sahil Raman,Computer Science,2,01307371747,osuresh@example.org,"05/66
Kaur Zila, Bellary 047800",True,Driver,4,3.7
55448646,Shray Sen,Computer Science,4,+911417128334,qthaman@example.com,"613, Sahota Street, Farrukhabad-869788",True,Both,3,4.6
25748356,Nehmat Khanna,Mechanical,2,+915705175030,nakul16@example.org,"60/633
Arya Nagar
Thoothukudi 737166",True,Driver,1,3.1
10462335,Zara Datta,Electronics,4,+917498271788,zsubramanian@example.net,"63/33
Seshadri Nagar, Nadiad-480719",True,Both,2,4.8
83795145,Sara Bose,Chemical,1,00744691487,sarmaivana@example.org,"75/694, Sami
Bharatpur-987865",False,Both,4,4.0
94034067,Khushi Ganesan,Computer Science,2,02370624405,urvigandhi@example.net,"18/303
Bhakta Road
Aurangabad-225662",False,Both,5,3.5
60571113,Zain Borra,Electronics,2,03804856858,rajdamini@example.net,"731, Sastry, Sonipat-136922",False,Passenger,2,4.4
30123717,Ritvik Lall,Civil,4,+919340525974,ramanamani@example.net,"10
Guha Circle
Kochi-673797",False,Driver,2,4.5
71456930,Sumer Bava,Chemical,3,+919393149671,divij46@example.org,"43, Bhasin Circle
Warangal 195327",True,Both,1,3.8
11836619,Mamooty D’Alia,Chemical,3,+911942746228,shenoyzoya@example.org,"42/321, Bala Ganj, Rampur 553927",False,Passenger,4,4.3
4895699,Shlok Dora,Chemical,1,09983818819,yasminluthra@example.org,"H.No. 69
Shanker Chowk
Dhanbad-628664",False,Passenger,3,3.4
45387977,Ojas Koshy,Computer Science,3,00620983541,raghavsarraf@example.net,"71/72, Tak Road, Patiala 368344",False,Passenger,2,3.7
84582586,Romil Goel,Computer Science,2,9020337858,aarna62@example.com,"H.No. 722
Atwal Ganj, Narasaraopet-807665",True,Passenger,4,3.0
28814287,Hunar Savant,Computer Science,3,+918080678407,tdugal@example.org,"07/767, Baria Zila
Ahmedabad-680269",False,Driver,1,4.0
37012343,Dhanush Lal,Civil,1,+914023975596,qkurian@example.com,"644
Sankaran Path
Jorhat 391573",True,Driver,1,3.5
84811780,Neysa Aggarwal,Civil,2,1160850079,iravarughese@example.org,"19/05
Datta Zila, Rampur-401364",False,Both,1,3.8
70272948,Alisha Shere,Civil,1,06541819215,tsibal@example.net,"20/84, Kara Nagar, Bidhannagar 995894",False,Driver,1,4.4
97147222,Drishya Loke,Computer Science,4,7677636404,saira96@example.net,"H.No. 370
Saini Zila
Jaipur-437897",True,Both,3,4.9
26965604,Lagan Kuruvilla,Electronics,4,1327382801,vboase@example.com,"H.No. 579, Sanghvi Street, Thanjavur-244059",True,Both,3,3.0
9004630,Yasmin Tak,Chemical,4,5517452081,ranbirshetty@example.net,"66/206
Soni Circle, Suryapet-095108",True,Passenger,5,3.6
89498423,Renee Atwal,Computer Science,3,8808560310,aayushsubramaniam@example.net,"H.No. 45
Gala Ganj
Vasai-Virar 841902",False,Driver,3,4.8
15111827,Anaya Raval,Electronics,3,+914993702459,jdatta@example.com,"613, Sahni Street
Thanjavur-079798",True,Driver,1,3.2
46803827,Anay Bakshi,Electronics,1,+914061368767,dubeykavya@example.org,"053
Soni Path, Shivpuri 561007",False,Passenger,1,3.2
60010262,Eva Lata,Electronics,3,09714827377,rgoswami@example.net,"21/72, Samra Road
Ramgarh 868423",False,Both,3,3.7
50177478,Kimaya Hari,Computer Science,2,7296789946,ukohli@example.org,"07/78, Mall Zila, Tinsukia 033595",False,Driver,2,3.1
83063524,Taimur Bajwa,Electronics,1,01948245280,lavanya44@example.org,"H.No. 060
Barad Nagar
Vadodara-014599",True,Passenger,4,4.1
42041085,Anika Thaman,Chemical,2,05115142123,jhans@example.org,"19/132
Karpe Ganj
Pune-569458",True,Both,4,4.4
77833506,Bhamini Dey,Electrical,4,+916646553330,vvarkey@example.com,"98
Rajan Nagar, Dindigul-143946",False,Driver,1,4.8
2343950,Sumer Mand,Chemical,2,02992699386,azaddar@example.net,"H.No. 61, Khosla Path, Jaunpur 172581",True,Passenger,5,3.1
89489721,Nayantara Walla,Chemical,4,6451758971,koshytejas@example.net,"717
Raj Street
Etawah-237073",True,Driver,3,3.7
8444353,Riaan Chokshi,Computer Science,1,00231834291,ikaul@example.com,"04/546
Ramesh, Malda-463350",True,Both,4,3.4
30462337,Hansh Reddy,Chemical,2,+916902610401,indranstripathi@example.net,"14, Choudhary Chowk
Mysore-067372",False,Passenger,1,4.1
56568324,Hunar Sami,Electrical,1,+913003461501,cshah@example.org,"H.No. 738, Chauhan Street, Latur 485534",True,Passenger,2,4.8
73307519,Darshit Bains,Chemical,1,3266486209,madhav93@example.com,"H.No. 059, Chopra Nagar
Motihari-574430",True,Both,1,4.6
16049641,Kiaan Char,Chemical,2,+912673016191,kdalal@example.net,"97
Jain Circle
Tenali-301594",False,Both,5,4.1
99974792,Yuvraj  Kant,Civil,3,02009982443,swaminathandhanuk@example.net,"191
Jaggi Marg, Sri Ganganagar-915745",False,Driver,2,4.6
72980003,Miraya Butala,Computer Science,4,+916889572957,chauhannehmat@example.org,"16/739
Mannan Path
Vadodara-678942",False,Driver,5,3.4
27822861,Arnav Ramachandran,Civil,1,04487783917,msane@example.com,"04/24, Keer Path
Kumbakonam-970607",True,Passenger,3,3.1
37610425,Suhana Rout,Electrical,4,8515212969,anvi29@example.org,"61/90
Virk Road, Sambhal-679321",True,Both,2,3.8
83434463,Uthkarsh Ahuja,Chemical,1,+919551327542,gabashayak@example.com,"H.No. 778, Chad Chowk
Siliguri 540583",False,Passenger,5,3.6
96540402,Kashvi Keer,Computer Science,1,1597318085,mahika10@example.org,"11, Boase Chowk
Erode 545019",True,Both,4,4.3
38032229,Hazel Swamy,Chemical,1,1957471760,anaya08@example.org,"441
Golla Chowk
Anantapuram-678800",True,Passenger,3,5.0
80863090,Suhana Bhalla,Computer Science,4,9481255112,ela80@example.com,"H.No. 672, Agarwal Marg, Ujjain-218747",False,Both,5,4.1
26693521,Aniruddh Loyal,Chemical,2,8170876582,karizoya@example.com,"H.No. 61
Batta Path
Naihati 062015",True,Both,3,4.7
30814848,Sahil Khurana,Mechanical,1,02726524660,khushidhingra@example.com,"29/319
Keer Path, Phusro 368317",True,Driver,4,3.7
71937078,Manjari Mahal,Computer Science,1,6769458674,manjari52@example.com,"90/25
Khosla Street, Kottayam 097414",True,Passenger,5,4.0
64001803,Yasmin Sur,Electronics,4,8580233903,mchauhan@example.net,"64
Bassi Circle, Srinagar 325519",True,Both,5,4.6
56883900,Chirag Warrior,Computer Science,2,08548764728,fbadal@example.net,"H.No. 176
Mander Path, Bhusawal 291128",False,Driver,4,4.9
66394027,Sana Thaman,Chemical,2,02937667587,hunar14@example.com,"768, Sarraf, Kavali 448112",False,Driver,1,4.8
58737000,Vidur Sura,Mechanical,1,3853932212,madhav29@example.net,"87/32
Banerjee Path, Ajmer-181879",False,Passenger,2,4.3
8124615,Ojas Bassi,Electrical,3,06216746712,yasmin71@example.org,"451
Sani Circle, Gandhinagar-979243",False,Driver,5,3.3
96151059,Arhaan Lal,Electronics,3,+913298021905,wallavihaan@example.net,"H.No. 92, Mandal Street, Rewa-331488",False,Both,2,4.7
83374564,Nitara Krishnan,Electronics,2,5188129597,anvisaran@example.org,"096
Grewal Zila, Imphal 956675",True,Driver,1,3.6
67000351,Fateh Bail,Computer Science,3,01749077252,viyer@example.net,"25
Madan, Chapra 974830",False,Passenger,2,3.9
53734764,Diya Ratti,Chemical,4,07167313427,aayushsastry@example.org,"H.No. 553, Jain Ganj, Nashik-982965",True,Driver,1,4.4
97267198,Ira Wadhwa,Electrical,3,+915018066613,tiwariadira@example.com,"05
Raja Circle, Raurkela Industrial Township-694490",True,Driver,4,4.3
35431053,Armaan Hans,Electronics,2,00722296471,sagarnitya@example.net,"857, Chopra Street, Kulti 996036",True,Driver,1,5.0
79392444,Aayush Rau,Computer Science,1,02020784333,oorjaranganathan@example.com,"547, Deep
Shimoga 597676",False,Passenger,5,4.1
2463802,Ojas Viswanathan,Computer Science,2,+919889019427,dhruv48@example.net,"34, Manne Street, Jalna 383059",True,Both,4,4.2
26105691,Taran Kala,Computer Science,4,09466784293,ela00@example.net,"89
Sheth Path
Chandrapur-950104",True,Both,2,3.2
66946837,Tanya Mahal,Chemical,1,6314494774,vanyakumer@example.com,"H.No. 149, Chadha Path, Hazaribagh-420643",True,Passenger,3,3.0
44830139,Raunak Kothari,Chemical,3,8710108384,xjha@example.com,"11/99, Kohli Nagar, Bhopal-065718",True,Driver,4,4.4
99365840,Seher Madan,Electrical,2,8666878097,piyakar@example.net,"H.No. 893, Madan, Visakhapatnam 722290",False,Passenger,3,4.5
59304577,Ayesha Srivastava,Electronics,4,6556590360,ahana-69@example.net,"98
Bhandari Path
Katihar-617624",False,Driver,3,4.2
82465335,Hridaan Dube,Chemical,3,08729892005,obose@example.net,"083, Zachariah Street, Dehri 919770",False,Driver,4,3.3
37775074,Saksham Bhalla,Computer Science,2,+911490686140,gdin@example.org,"919, Dani Nagar, Hubli–Dharwad 284444",True,Both,5,4.2
36865392,Urvi Krishnan,Chemical,2,03268978333,lghose@example.com,"68/33
Gade Nagar
Nagpur-488250",True,Both,3,4.0
26434831,Samaira Malhotra,Mechanical,2,3067393493,trandhawa@example.com,"43/84, Vasa Marg, Kadapa 385702",True,Passenger,3,4.8
10252391,Yashvi Walla,Electrical,4,02854630259,suraakarsh@example.org,"11, Kade Circle, Machilipatnam 274536",False,Passenger,5,3.7
78826368,Neysa Bora,Computer Science,2,+910668704945,solankiakarsh@example.org,"H.No. 32, Date Chowk, Bikaner 733610",False,Both,2,3.3
56255410,Sara Kurian,Chemical,3,+913621398188,veer76@example.com,"506
Balay, Proddatur-995121",True,Driver,3,4.0
85394430,Lagan Jayaraman,Electronics,4,4798560212,aainarana@example.net,"407
Bhatia Ganj
Pimpri-Chinchwad-692312",True,Both,2,4.8
68931442,Dhanush Ganesan,Civil,1,+916836314059,lavanya03@example.net,"50/86
Manne Ganj
Bidhannagar 436982",False,Both,1,4.5
39023047,Renee Bhargava,Electronics,4,6476047312,hbalakrishnan@example.org,"H.No. 766, Hari Path, Nellore-980165",True,Passenger,4,3.9
26606487,Sana Venkatesh,Computer Science,3,6408065724,umang34@example.org,"36
Lad Ganj
Dehradun 537518",True,Passenger,2,4.0
50460292,Umang Chaudhari,Electronics,4,7313380996,aniruddh34@example.net,"08
Balay Street
Gorakhpur 970047",False,Driver,2,3.6
96145401,Divyansh Rao,Mechanical,4,5307515093,ojhaveri@example.net,"17/568
Chakraborty Street
Bijapur-786214",False,Driver,5,3.0
18727561,Aaina Kar,Electronics,4,09082478699,raniathaker@example.org,"43
Barman Nagar, Raebareli 506741",True,Passenger,4,3.4
96031597,Tiya Sunder,Electrical,1,01916212567,thakeraarav@example.org,"H.No. 353
Sankar Nagar
Gandhidham 479323",False,Driver,1,4.4
93797501,Siya Koshy,Chemical,3,5254875206,rajakismat@example.net,"10
Sagar Circle
Pimpri-Chinchwad 347443",True,Driver,1,4.6
11023448,Khushi Varughese,Civil,3,+916807926635,gokulbalakrishnan@example.net,"43/494, Sarin Road
Morena 047647",True,Passenger,4,4.9
74436050,Kartik Dara,Civil,3,09698962309,ikonda@example.net,"15/77
Dasgupta Path, Agra 601538",True,Both,4,3.6
3040951,Nishith Luthra,Electronics,4,2145690473,shettyseher@example.com,"07, Keer Nagar
Moradabad-231641",False,Driver,5,4.8
59174556,Aayush Sharma,Chemical,3,07489360520,sarinpihu@example.org,"65/187
Bhatti Road
Thoothukudi-430115",True,Driver,3,4.8
6892626,Anay Sinha,Electrical,4,07426932933,tripathisaanvi@example.net,"H.No. 732, Kaur Road, Dhule-149303",True,Passenger,4,4.2
72091843,Kiaan Borde,Civil,2,04963964574,okashyap@example.org,"H.No. 763, Raman Marg
Rewa-816474",False,Passenger,3,3.7
33632474,Ayesha Sharaf,Electrical,4,+918498999232,zkibe@example.org,"99/792
Sami, Kolkata-141484",False,Driver,2,4.4
20020075,Pari Baria,Electronics,1,+914081239092,piyaratta@example.net,"H.No. 037
Sekhon Chowk, Durgapur 326423",False,Both,5,3.4
22767702,Aarush Vig,Computer Science,4,+916710463796,yuvraj-81@example.com,"H.No. 43, Dhar Road, Bathinda 135980",True,Both,2,4.7
23945870,Emir Kunda,Electronics,1,02181103197,mannatdate@example.net,"02/623
Krishnan Path
Kollam 845579",True,Both,1,3.5
66342336,Yasmin Samra,Computer Science,3,+915630186091,rajakiaan@example.org,"51/063
Khatri Road, Bhiwandi 595526",False,Passenger,3,4.1
3912973,Nishith Dayal,Mechanical,1,01644331823,krishsaini@example.com,"23/30
Dugar Nagar, Malda-145492",False,Both,3,3.3
80668664,Ojas Khare,Chemical,2,09379389704,chegde@example.org,"485, Jani Ganj, Sikar 370490",False,Passenger,4,3.8
58359297,Arhaan Warrior,Electrical,1,+917866669089,vivaan98@example.com,"229
Manne Chowk, Erode 210977",False,Driver,1,4.7
56498221,Advika Dugar,Computer Science,1,+910064620516,advik60@example.net,"18/368
Sha Nagar, Bhiwandi-011145",True,Passenger,4,3.4
64500688,Uthkarsh Raja,Civil,1,04111705354,anvi82@example.net,"98/916
Bail Ganj, Ajmer 570885",False,Driver,4,3.3
85172907,Dhanush Chacko,Chemical,2,03740814714,heerkamdar@example.net,"169, Chakraborty Chowk, Guntur-490237",False,Both,5,4.1
30507551,Neelofar Chaudhuri,Mechanical,3,+916648848848,chowdhurymanjari@example.org,"01, Mahal Nagar
Jamshedpur 940760",False,Passenger,3,4.2
39389640,Vardaniya Loyal,Mechanical,2,5905692038,anahihans@example.com,"08/317
Luthra
Ahmedabad 395652",True,Passenger,4,4.4
9285612,Nakul Kaur,Mechanical,2,+911489187037,mohanlalsha@example.org,"H.No. 10
Barman Marg
Farrukhabad-433284",False,Passenger,5,4.9
23577820,Tiya Vala,Civil,1,+911317049999,saksham39@example.org,"71/52, Bhavsar Path, Satara 679860",False,Passenger,5,4.0
56233038,Nehmat Devi,Computer Science,4,+914438523898,piyasoni@example.com,"00, Bail Road
Kolhapur 162876",True,Both,1,4.2
2016998,Yuvaan Chhabra,Mechanical,3,7432256586,uthkarsh76@example.com,"H.No. 144, Sanghvi Chowk
Sambhal-838408",True,Driver,3,3.3
56968606,Madhup Bhasin,Electronics,4,05226979000,somankavya@example.org,"95/86
Behl Marg
Kavali 465843",False,Passenger,5,4.3
67797265,Raunak Bedi,Chemical,3,+911564971522,raniaswaminathan@example.org,"H.No. 12, Zachariah Street
Kamarhati 856109",True,Driver,2,4.1
7323031,Prisha Joshi,Computer Science,3,05484851246,vanyachakrabarti@example.org,"227, Vaidya Chowk
Ghaziabad 550612",False,Driver,5,3.7
51774561,Sumer Sheth,Chemical,1,3551339301,pihu78@example.net,"95/676
Sura Ganj, Hindupur-798968",True,Both,5,4.8
30003947,Arnav Dass,Computer Science,4,04171541023,samairadani@example.org,"25, Chopra Marg
Loni 055034",True,Passenger,5,3.6
38764418,Yashvi Varghese,Electrical,3,6852837579,aaravraju@example.com,"79/69
D’Alia Road
Sultan Pur Majra-484505",True,Driver,3,3.4
2064375,Lagan Bakshi,Computer Science,4,+915123057177,csen@example.net,"72, Das Zila
Chennai-523936",True,Driver,1,4.3
99530539,Shayak Chauhan,Electrical,3,07691637210,dixitkanav@example.org,"62, Chowdhury Ganj
Nellore-255211",True,Driver,2,3.4
57849426,Ela Sagar,Civil,4,+910112932738,devifarhan@example.net,"66/53, Kaur Zila
Ajmer 025874",False,Driver,1,4.5
41672734,Tejas Bath,Electronics,2,09051085488,vyasvritika@example.com,"H.No. 82, Sen Path
Rewa-154512",False,Driver,5,4.0
42806044,Alia Grewal,Electrical,4,0182450953,ikalita@example.com,"73/93, Lata Circle
Eluru 004115",True,Driver,2,4.0
96452877,Tanya Subramaniam,Electrical,3,+918157212639,nishith66@example.org,"H.No. 07
Talwar Street
Thoothukudi 131955",True,Both,5,3.6
45220848,Vihaan Sen,Chemical,3,09735899221,navya92@example.com,"78/38
Bahl Marg, Kollam-214865",False,Passenger,1,4.7
75919199,Chirag Rajagopalan,Electronics,3,+910317578548,drishya75@example.org,"899, Tata Chowk, Jamalpur-601751",False,Passenger,1,4.8
8362405,Alia Wali,Electrical,4,00546629730,ladishaan@example.org,"H.No. 155
Dass Zila, Dindigul 905108",False,Passenger,5,3.6
68077215,Urvi Lanka,Computer Science,2,+913275133303,yasmin45@example.com,"H.No. 901
Seshadri Road
Dhule-011472",True,Both,5,4.3
56817523,Aarav Madan,Civil,4,05972347640,usuri@example.net,"44/26
Mann
Phagwara-346006",True,Both,2,3.3
77982290,Jhanvi Raj,Mechanical,2,+913119625788,raniatank@example.net,"11
Varma Zila, Saharanpur-830187",False,Driver,1,4.7
61248003,Badal Bora,Electrical,4,8682048086,trandhawa@example.org,"H.No. 46
Mani Nagar, Ballia 667365",False,Both,1,3.0
64601777,Vardaniya Lal,Mechanical,2,+917671968888,ivana31@example.com,"H.No. 634
Bajwa Zila
Machilipatnam-661890",True,Both,4,3.5
88313965,Pihu Kapur,Chemical,2,0658873831,jiya17@example.com,"067, Ganesh Road
Eluru 261862",True,Both,4,5.0
37261142,Anya Chandran,Computer Science,1,+911382532464,ytaneja@example.net,"05/99, Tak Marg
Ramgarh-119052",False,Driver,3,4.0
27756749,Saksham Bir,Computer Science,3,5927007508,biju27@example.org,"63
Keer Zila, Chapra-686210",True,Driver,1,3.5
62092799,Ivan Hayre,Electrical,1,03146983566,hanshbatra@example.net,"13
Agarwal Street, Vijayanagaram 173525",False,Passenger,4,4.0
7366427,Purab Khare,Mechanical,1,05845394541,surahansh@example.org,"02/775, Bhargava Zila, Ghaziabad 923849",True,Both,3,4.5
86702139,Badal Bhagat,Electrical,3,1278321321,dishani85@example.com,"40
Krishnan Road, Vijayawada-613098",False,Passenger,4,4.8
82716588,Abram Balakrishnan,Computer Science,2,9207500416,samijivin@example.org,"H.No. 19
Agarwal Street
Pudukkottai 963465",False,Passenger,1,3.4
16438089,Akarsh Srinivasan,Computer Science,1,+911373742098,zbains@example.org,"471
Brar Chowk, Ambarnath 418541",False,Passenger,1,4.9
20856311,Damini Dhawan,Computer Science,1,1647180860,mirayabora@example.net,"H.No. 000, Sinha Marg, Ongole-475982",False,Passenger,4,3.0
33322903,Nayantara Upadhyay,Electronics,3,0889896038,bzacharia@example.net,"07/25, Kalla Nagar
Suryapet-789399",True,Driver,2,3.3
33987982,Mamooty Kade,Mechanical,3,+912825377289,sagaryuvaan@example.org,"H.No. 388
Wali
Hospet-541272",True,Both,3,3.0
82489609,Miraan Sampath,Electronics,4,2501922508,ddatta@example.org,"95, Kade Circle
Pallavaram-971808",True,Driver,5,3.8
60723726,Rania Sehgal,Electronics,3,+916430974043,rkothari@example.org,"H.No. 03, Sathe Ganj
Aligarh 613557",False,Driver,4,3.3
57910053,Mannat Ganguly,Computer Science,4,04408536267,ramanathannishith@example.org,"H.No. 66, Balakrishnan Nagar, Amritsar-839369",False,Passenger,4,4.8
70572462,Tejas Hayre,Electronics,1,+916206916875,saanvikothari@example.com,"24/31, Kashyap
Serampore-011912",False,Both,3,4.5
72279993,Miraya Sandal,Computer Science,1,3576508458,acharyaanya@example.net,"68/84
Warrior Zila, Amravati-782022",False,Passenger,5,4.3
328168,Aaryahi Sane,Chemical,3,06574047237,goelsamarth@example.net,"83
Dani Circle, Bhopal-488592",False,Passenger,1,4.3
9985834,Divit Raj,Computer Science,4,03589795736,prerak33@example.com,"H.No. 90, Swamy Circle, Chandrapur-954901",False,Passenger,4,4.3
53150175,Yakshit Batra,Computer Science,4,05874684783,hunar70@example.com,"06/036, Kibe Ganj, Amaravati-403425",False,Driver,2,4.3
69377265,Renee Loyal,Electrical,4,1754965980,vardaniya96@example.net,"66/61
Mani Chowk, Chennai 308736",False,Driver,4,3.9
54950806,Adira Kakar,Civil,3,03195103432,jayant34@example.com,"H.No. 06, Mahajan Circle, Siliguri-189426",True,Passenger,1,3.1
4866365,Aaryahi Chaudhry,Electronics,2,+917851235107,sabharwalkashvi@example.org,"H.No. 79, Hegde Path, Shimoga 886942",True,Both,1,3.5
19725587,Saksham Varughese,Chemical,2,+916103429220,vedikakonda@example.com,"000, Solanki Road
Nagaon-923045",False,Driver,1,3.4
2451761,Aaryahi Sha,Electronics,3,6149143723,rhea11@example.org,"339, Dhillon Street
Udupi-392142",True,Passenger,2,5.0
68513513,Shlok Sarraf,Computer Science,1,00700931313,aayush28@example.org,"19/23
Chada Path
Surat-772075",False,Driver,3,3.3
71105320,Jayesh Dube,Electronics,2,04478041951,nsura@example.com,"143
Dhar Ganj
Haldia-037960",True,Passenger,3,4.1
67917717,Seher Jaggi,Electronics,1,9953567031,hridaan08@example.com,"H.No. 782, Barad Chowk
Srikakulam-576524",False,Both,3,3.2
54250104,Kabir Luthra,Electrical,2,05999729202,shanaya88@example.com,"69, Kalla Circle, Raurkela Industrial Township 893304",False,Passenger,3,4.5
86487695,Kartik Lad,Civil,2,+915482863196,kapadiadhanush@example.org,"75
Amble Nagar, Bhind-987397",False,Driver,2,3.7
43107223,Aradhya Mall,Electronics,2,+917706755802,dyalsara@example.org,"54
Sunder Chowk, Kalyan-Dombivli-604032",False,Driver,5,4.1
97460802,Hazel Kapur,Mechanical,2,+911999781526,anahi70@example.org,"61/643, Behl Ganj
Deoghar 744184",False,Passenger,3,4.6
74767716,Tanya Aggarwal,Computer Science,4,+919934110803,krishnannitara@example.com,"H.No. 44
Rattan Circle
Thoothukudi-403499",True,Both,5,3.9
99787587,Eva Yadav,Civil,4,9513704838,sarmakhushi@example.com,"438, Dube Chowk
Bikaner-735546",False,Driver,4,5.0
77428321,Vaibhav Baral,Mechanical,2,8222438459,hiran76@example.com,"H.No. 218, Shan Path
Phusro-595997",False,Driver,4,4.7
53782107,Nirvi Sem,Civil,1,+911438887883,ryansarin@example.com,"01, Manda Ganj, Ludhiana-978004",False,Both,2,4.9
50704977,Seher Krishnamurthy,Chemical,4,02674311218,msen@example.com,"383
Kannan Nagar, Sambhal 877191",True,Driver,2,4.4
84526553,Kabir Sastry,Chemical,1,04958473565,bajwashlok@example.com,"17/032, Shenoy Road
Chapra-033977",False,Passenger,1,3.6
39070632,Yuvaan Saha,Mechanical,2,+917708235199,madhupsama@example.org,"52/40, Ranganathan Street
Pimpri-Chinchwad-443101",False,Driver,2,3.1
55109971,Indrans Desai,Computer Science,1,2451938595,neelofardey@example.com,"H.No. 15, Sehgal Marg
Darbhanga 540823",True,Both,2,4.4
37562927,Nitara Bhargava,Civil,4,04447770462,walikabir@example.org,"415, Tara, Jorhat 801310",False,Driver,3,3.4
82209802,Kiara Mangat,Electronics,4,+910758888954,shazain@example.com,"H.No. 256
Bhatnagar
Hapur 882186",False,Driver,1,4.8
57863594,Aarna Ahluwalia,Computer Science,2,09465812319,hunarbhattacharyya@example.org,"H.No. 13, Johal Path, Madanapalle-081965",False,Driver,3,4.3
74002172,Elakshi Bhandari,Electrical,4,00043226508,bijujayaraman@example.org,"H.No. 14
Kota Ganj, Kishanganj 158947",False,Passenger,5,3.1
22277138,Hridaan Tailor,Electronics,1,03018159694,dhruv94@example.net,"H.No. 908
Sharaf Nagar, Pali 031294",False,Both,2,4.6
72570765,Saira Dhar,Chemical,2,0094435099,bedinishith@example.net,"H.No. 689
Viswanathan Circle, Bangalore-956140",False,Both,2,3.6
71559668,Jivika Mann,Electrical,4,01236304710,gkashyap@example.com,"H.No. 728
Savant Street, Srinagar 013082",False,Passenger,3,3.3
60155810,Eshani Badal,Computer Science,3,8496182606,bumbnirvi@example.com,"019, Luthra Ganj
Bardhaman 925805",False,Driver,3,3.8
75956881,Himmat Atwal,Mechanical,3,01560912221,auroramadhav@example.org,"79/85
Sagar Street, Kollam-842444",False,Driver,2,4.5
17468813,Shaan Din,Electrical,1,+914223793504,kuruvillakismat@example.org,"65
Chaudhary Street, Secunderabad 537343",False,Driver,1,4.5
70959108,Trisha Krish,Civil,1,09349051355,ritvikmahajan@example.net,"52/94
Singhal Marg
Miryalaguda-492366",False,Driver,3,3.1
80765387,Jayesh Sarraf,Electronics,1,09967400700,eacharya@example.net,"898
Chopra Ganj
Kirari Suleman Nagar-245537",False,Passenger,3,3.8
91908625,Chirag Dara,Computer Science,4,6138728889,shaan10@example.org,"H.No. 301, Das, Madhyamgram 199218",False,Passenger,1,4.1
83279442,Parinaaz Jain,Computer Science,1,6980763537,acharyaela@example.net,"H.No. 78
Shere Chowk, Pallavaram 364552",False,Both,4,3.5
93760407,Alisha Kala,Chemical,3,02249940300,faiyaz88@example.com,"62, Konda Path, Bidar-909959",False,Driver,3,3.2
76014883,Saksham Virk,Civil,4,+912119186466,mmandal@example.org,"24
Sankar Chowk, Bhiwani-424881",True,Both,3,4.4
34862901,Khushi Saha,Chemical,4,02800509801,ukala@example.com,"H.No. 73
Barad, Nashik 450462",False,Driver,5,3.9
911065,Siya Guha,Chemical,1,+917076608457,cdalal@example.org,"822, Bora Road, Bijapur-002844",False,Both,3,3.4
53591964,Reyansh Ghosh,Chemical,4,0685847760,siyakapur@example.com,"H.No. 42
Ganesh
Sangli-Miraj & Kupwad-786508",True,Both,2,3.8
52571372,Hiran Jain,Electrical,4,06529581440,aradhyadutta@example.org,"69/60
Mallick
Kalyan-Dombivli 783206",True,Driver,1,4.6
12423374,Abram Gandhi,Mechanical,3,+916914494581,wallabadal@example.com,"H.No. 646, Deol, Tadepalligudem-217767",True,Driver,1,4.4
65503395,Nehmat Rao,Civil,4,+916005533600,vbanik@example.org,"05/071
Behl Nagar, Lucknow-576303",True,Both,2,5.0
3939076,Neysa Hans,Mechanical,3,4124487093,solankivivaan@example.net,"75/56, Sekhon Road
Machilipatnam-352996",False,Driver,3,4.3
21822898,Lakshay Ahuja,Mechanical,2,2626315070,prishadhawan@example.net,"84/13
Aurora Path
Sri Ganganagar-586875",True,Passenger,4,3.4
91647936,Umang Sule,Civil,4,5366826674,nirvaan71@example.net,"H.No. 36
Sawhney Circle, Kishanganj-861335",False,Driver,4,3.6
74563803,Prisha Bansal,Computer Science,4,+911354809696,shankerjivika@example.net,"81/44
Wason Zila
Amravati-562752",False,Both,4,4.7
46966595,Bhamini Bakshi,Civil,1,6322768376,badalkhare@example.org,"H.No. 394
Karpe Chowk
Korba 993011",True,Both,1,3.9
47128795,Shanaya Sami,Chemical,2,09232556424,karidhruv@example.org,"88, Kota Nagar, Bardhaman 075897",True,Both,5,4.3
27770570,Ehsaan Warrior,Computer Science,3,09728212923,daminigole@example.net,"799, Chacko Road, Arrah 661364",True,Both,2,4.3
5502260,Inaaya  Chaudhari,Electronics,3,00331695441,bbedi@example.com,"960
Solanki Street
Siliguri 340378",False,Both,5,4.0
13554965,Jiya Kohli,Electrical,1,+914873258120,sanachacko@example.com,"17, Sahota Street, Visakhapatnam 695450",False,Both,5,4.4
12293203,Pranay Mannan,Electronics,4,06515265661,mishti56@example.net,"07, Lala Chowk
Nagaon 465201",True,Both,3,4.9
47016361,Amira Garg,Chemical,1,+910874418865,azadbakshi@example.net,"02, Srinivasan Zila, Jalandhar 007914",True,Passenger,4,3.1
77173436,Neelofar Vasa,Electronics,2,02804897243,kavyamadan@example.com,"02, Ramesh Marg, Guna 745500",True,Passenger,1,4.5
65738665,Aniruddh Gill,Electronics,1,5546888511,bdash@example.org,"H.No. 804, Tank Zila
Khandwa-563621",True,Driver,2,4.9
88599450,Nayantara Kala,Computer Science,2,+919354125089,behlzaina@example.org,"H.No. 552, Dalal
Barasat 758218",False,Both,4,3.8
41752129,Faiyaz Dey,Electronics,2,+913418672505,lokehunar@example.com,"95/923
Suresh Marg
Nagercoil 729274",True,Driver,4,4.4
82243087,Stuvan Dugal,Electronics,3,+916924261205,jivika70@example.net,"21/170
Bhat Zila, Bhimavaram 435160",False,Both,4,3.0
89485665,Emir Kade,Electronics,4,07236222121,sehervasa@example.org,"23, Desai Street, Visakhapatnam-435433",True,Driver,2,4.1
42096765,Yashvi Zacharia,Electronics,3,08892646410,ryankara@example.com,"93
Ravel Ganj
Surendranagar Dudhrej-075616",True,Passenger,5,4.8
46903621,Parinaaz Atwal,Mechanical,4,05625676263,buchvidur@example.com,"H.No. 75, Dutt Nagar
Kharagpur-752261",True,Driver,4,3.1
55331549,Hiran Balasubramanian,Computer Science,4,6194799162,neelofarmajumdar@example.net,"H.No. 386
Divan Ganj
Kavali 129475",False,Passenger,1,3.5
17088443,Anay Mahal,Electrical,2,+911806176772,nayantarahora@example.org,"H.No. 06
Suresh Street
Proddatur-250276",True,Passenger,3,4.6
17523302,Kavya Trivedi,Computer Science,4,4481692913,diyasandal@example.com,"44/508, Baria Path, Jorhat 677913",False,Both,1,4.8
10834706,Kimaya Chakrabarti,Chemical,2,01641902950,kumernayantara@example.com,"75/897, Biswas Nagar, New Delhi 675611",False,Driver,5,3.5
92276645,Raunak Bhavsar,Chemical,2,05637536250,bijukari@example.com,"87/466, Rajagopalan Ganj
Nagercoil-085152",False,Passenger,1,4.5
11122833,Fateh Sule,Computer Science,3,1364696211,xramesh@example.net,"95/703
Lal Ganj, Asansol-894665",False,Both,4,3.1
58808489,Manikya Suri,Mechanical,3,0267175463,veer45@example.com,"91/919
Halder Ganj, Jaunpur 225717",False,Passenger,2,3.1
16096605,Shaan Dua,Computer Science,4,07280584794,shloksani@example.net,"62, Jani Zila
Tumkur-527282",True,Passenger,2,3.3
76283939,Anahi Dhaliwal,Electronics,2,02112144642,kashviratti@example.net,"84, Andra
Pudukkottai-702838",True,Both,1,3.3
75294538,Akarsh Amble,Civil,4,04758331853,sachdevavardaniya@example.com,"H.No. 25
Sampath Ganj
Bhiwani-360284",False,Both,4,4.4
99603793,Zaina Borra,Chemical,4,05899851417,gkade@example.com,"25, Sha, Malda 778989",True,Driver,2,3.8
45300354,Madhup Bhasin,Computer Science,4,+919132858300,takdivij@example.org,"H.No. 91, Saxena Ganj, Narasaraopet 116391",False,Passenger,4,3.5
80380771,Ojas Barman,Chemical,1,8416343569,brahmbhattmisha@example.com,"H.No. 225
Wali Nagar
Rewa 073602",False,Passenger,5,4.7
97156619,Uthkarsh Balakrishnan,Electronics,1,+912515847126,sanamammen@example.net,"19/73
Singh Nagar
Bhilai-573007",True,Passenger,4,3.2
94843868,Sana Sami,Mechanical,3,+913431500415,indrans30@example.net,"018, Sagar Road
Tirunelveli 492593",True,Driver,3,4.8
34423055,Anahita Chhabra,Chemical,4,07584112282,shankeradvika@example.com,"150, Dugal
Kolkata 513347",False,Both,4,3.5
61468222,Zaina Wagle,Civil,1,09962528011,zainmammen@example.net,"H.No. 695
Kumar Nagar, Alappuzha-635574",False,Both,3,3.2
17448332,Anaya Loke,Mechanical,3,04585462492,gshan@example.com,"40/418
Sidhu Chowk
Ghaziabad 774166",True,Driver,3,3.6
42421325,Mannat Lal,Chemical,4,08534810472,basutaimur@example.org,"47/62, Dar Marg, Loni 228672",False,Driver,2,4.6
89271481,Samaira Borra,Electrical,1,05252253270,urvishukla@example.com,"86/07
Tata Path, Madanapalle 796063",False,Passenger,5,3.6
4792168,Jhanvi Tank,Civil,4,3745232655,kartik96@example.org,"89
Thakur
Uluberia 361452",False,Passenger,1,4.5
2245584,Farhan Loke,Chemical,2,05541723687,nlad@example.net,"H.No. 74, Warrior
Mau 375006",True,Both,1,4.4
66429907,Jhanvi Tak,Mechanical,3,1509794149,vhegde@example.org,"213, Agarwal Street
Sambalpur-590253",True,Both,5,5.0
26112553,Ishaan Andra,Computer Science,1,04419735633,bhaktaazad@example.com,"40, Dugar Street, Karimnagar-260166",False,Both,1,4.8
26820555,Misha Bava,Civil,3,+913777300007,ekhalsa@example.com,"H.No. 352
Buch Chowk, Machilipatnam 028170",True,Both,3,4.5
38209144,Parinaaz Seshadri,Chemical,3,01934116271,vedikagoyal@example.com,"55/69
Sodhi Ganj, Nangloi Jat-246426",True,Passenger,4,3.2
47488561,Aayush Deep,Civil,3,+912573996941,aayushswamy@example.net,"H.No. 534, Garde
Amritsar 332445",False,Driver,3,4.1
82525577,Dhanuk Goyal,Civil,2,2775689360,anahimane@example.com,"915, Salvi Nagar
Kanpur 522691",False,Driver,3,3.4
6389421,Mohanlal Gopal,Chemical,1,+919887608343,wasonivan@example.net,"H.No. 774, Ramachandran Chowk
Moradabad 718642",True,Both,5,3.9
72589023,Yuvaan Kara,Electrical,4,+915183212775,lgoda@example.org,"H.No. 92, Bajwa Ganj, Vijayanagaram-681539",True,Passenger,1,4.1
13393459,Miraan Gulati,Electrical,3,8120797961,anvisamra@example.org,"593, Yadav Zila
Khandwa-454810",False,Driver,1,3.1
42624784,Taimur Chaudhuri,Civil,2,4295721144,gchopra@example.net,"82, Agarwal Circle, Bongaigaon 352047",False,Both,5,4.7
13404231,Prerak Korpal,Electronics,2,+917627842565,tejasdugar@example.net,"40/028, Rao Zila, Bhalswa Jahangir Pur 417508",True,Passenger,1,4.0
31525061,Misha Ramachandran,Electrical,1,+917891190146,bijurandhawa@example.com,"H.No. 82
Chadha Nagar
Durg-700169",True,Driver,1,4.9
74473416,Priyansh Agrawal,Computer Science,1,4511685581,dinbadal@example.com,"29, Ganesan Marg, Jamshedpur 863096",False,Both,4,3.5
48020105,Diya Rana,Computer Science,2,+912676500312,khalsaanvi@example.net,"62
Kapadia Ganj, Belgaum-760329",True,Passenger,2,4.1
47262953,Oorja Dalal,Electronics,1,07791749904,tbhargava@example.com,"80, Aurora Chowk
Mehsana 950950",False,Both,2,3.3
27919910,Alisha Devan,Computer Science,3,5953705220,waglevaibhav@example.net,"54/953, Behl Chowk, Bareilly-500402",False,Driver,4,4.1
64568653,Himmat Mangat,Electronics,2,+914290217782,sbuch@example.com,"979
Khalsa Nagar
Miryalaguda-541011",False,Driver,5,4.7
74763087,Ritvik Bhandari,Computer Science,1,5115314339,balayrhea@example.org,"79/656, Magar Street, Rewa 374770",True,Passenger,1,4.3
94668739,Ishita Saha,Chemical,3,+914599785617,dashalisha@example.net,"14
Mangat Ganj
Karaikudi-641060",True,Passenger,1,4.1
83615535,Yuvaan Dutt,Electrical,2,09414209130,shray72@example.org,"H.No. 175
Hans Marg, Nashik-138679",True,Both,3,4.6
3483733,Jivika Bahri,Computer Science,2,01002982099,harioorja@example.com,"H.No. 10
Lad Nagar, Pali 149911",False,Driver,2,4.8
26622877,Aradhya Dave,Electrical,4,+919729688964,omammen@example.org,"36/948, Sane Marg
Akola-958822",True,Both,5,3.7
8507362,Hiran Korpal,Electronics,3,+915682097486,gilldivij@example.com,"65/41
Sachar Nagar
Akola 334712",True,Passenger,5,3.3
93992742,Shlok De,Electrical,2,06925656107,sjaggi@example.org,"63
Sastry Path, Raebareli-402656",True,Driver,2,3.6
21589659,Vidur Sehgal,Computer Science,2,+911166193221,ideep@example.net,"H.No. 07, Varma Marg, Durgapur 077456",True,Both,4,3.1
95283636,Shayak Ganesh,Civil,1,05506222786,dhruvsen@example.net,"H.No. 51
Kade Path, Mira-Bhayandar-246397",True,Driver,5,4.8
13585352,Azad Bhattacharyya,Mechanical,1,0591705828,trivedisamaira@example.com,"02/58, Suresh Road, Chandrapur-831234",False,Both,2,3.7
90950864,Pihu Samra,Electronics,3,+911905080073,deepnishith@example.com,"48, Taneja Road
Chandigarh-907891",True,Driver,1,3.7
6209796,Neysa Balakrishnan,Mechanical,4,+919380312314,manikya11@example.org,"828
Cheema
Thane 195935",True,Driver,4,3.2
91116361,Zain Bajwa,Mechanical,3,6068945885,azad58@example.com,"H.No. 906, Shan Road
Guwahati-929642",True,Passenger,3,3.1
38301431,Vanya Butala,Chemical,3,+917529570295,hridaanchoudhary@example.org,"92, Saini Zila
Agartala-075640",True,Passenger,5,3.6
73988774,Neelofar Kala,Mechanical,2,4161049412,rkaran@example.org,"15/702, Chowdhury Chowk, Amroha-510677",False,Passenger,4,3.5
97783666,Oorja Edwin,Computer Science,1,03429136195,yakshitsachdeva@example.net,"362, Sanghvi
Kishanganj-057089",False,Both,3,3.3
31449402,Devansh Srivastava,Chemical,1,9081671604,ramurvi@example.com,"910
Sandal Nagar
Pondicherry-809868",False,Both,3,3.8
77392500,Zaina Sengupta,Computer Science,2,+914672860100,fgala@example.net,"68, Bandi Street
Bhatpara-979751",True,Driver,2,3.9
8903493,Piya Gopal,Electronics,4,3952092805,dhanuk39@example.net,"742
Mann Ganj
Arrah 203382",False,Passenger,4,4.3
43025919,Amani Khanna,Electrical,1,+912061795039,suhanagill@example.com,"82/36
Iyer Street
Panvel 432802",False,Both,2,4.8
61283545,Anay Sarraf,Chemical,2,1405070543,fjain@example.com,"H.No. 46
Khare Zila, Navi Mumbai-177647",False,Driver,4,4.2
41221333,Madhav Dugar,Computer Science,3,+916243237730,dkannan@example.org,"H.No. 220
Doshi Road, Sirsa-308735",False,Passenger,5,4.3
27421588,Sana Gaba,Electrical,2,00653538447,stuvan04@example.com,"95, Varghese Ganj
Anand 717225",False,Both,4,3.9
19975783,Aayush Kant,Civil,3,1246497003,hanshbath@example.com,"65/19
Rastogi Street
Farrukhabad 065402",False,Passenger,3,4.8
13684523,Ira Hegde,Civil,1,01938733882,raunak13@example.com,"H.No. 710
Mane
Dhanbad 699056",False,Both,3,3.1
85726954,Yuvraj  Bali,Chemical,1,7303603414,chandranmohanlal@example.org,"H.No. 800
Kapadia Nagar, Vasai-Virar-057973",True,Passenger,3,4.3
13266401,Shray Raja,Computer Science,4,00296419445,chirag72@example.net,"H.No. 22
Shukla
Sagar-273330",False,Driver,5,3.8
14001855,Vardaniya Agarwal,Electrical,4,+912455973350,indrans42@example.org,"06, Kari Nagar
Alwar-677077",True,Both,2,5.0
7424245,Pari Basak,Mechanical,3,+915160670129,tbasak@example.net,"02/040
Raj Marg, Navi Mumbai-157048",False,Both,1,3.3
26290481,Vardaniya Chatterjee,Electrical,4,4136694153,hiran99@example.com,"H.No. 776, Vala Street
Mathura 653844",True,Both,2,3.6
34341023,Ranbir Chakraborty,Electronics,4,07021703131,keyaguha@example.net,"87/705, Bath Street, Hazaribagh-014249",True,Both,5,4.7
12002297,Vaibhav Barad,Electronics,2,01437026636,ddhar@example.net,"98/756, Batta Nagar, Mahbubnagar 431861",False,Both,2,4.3
64318834,Neysa Madan,Computer Science,1,04885120598,balipihu@example.com,"75/962
Kadakia Street
Visakhapatnam-742327",True,Driver,3,4.6
20306568,Romil Balakrishnan,Electronics,2,1070061876,kaira52@example.org,"96/42
Mangat Ganj
Nadiad 368888",False,Driver,1,3.3
39117169,Misha Chaudhari,Chemical,1,1291503993,drishya49@example.net,"94/58
Bhatti Chowk
Phagwara 984560",True,Passenger,2,3.6
95511357,Jhanvi Maharaj,Chemical,4,02846881044,eva87@example.org,"66/40
Sampath Chowk, Lucknow 603115",False,Passenger,1,3.1
3480077,Alisha Bandi,Electrical,3,3502183998,ekadakia@example.net,"328
Mammen Chowk
Guntakal-343462",False,Driver,2,3.5
4005846,Urvi Behl,Electrical,3,0592049292,kibeindranil@example.org,"48/061, Barad Marg
Deoghar 598698",True,Driver,3,3.7
12998893,Mannat Doctor,Mechanical,4,06984962895,bijudasgupta@example.net,"81/72
Ram Ganj
Panipat-441060",False,Passenger,2,4.2
99349530,Shray Bhakta,Computer Science,2,1672336801,bumbalia@example.net,"H.No. 43
Bhargava Path, Visakhapatnam 628604",False,Driver,3,3.6
42944315,Lakshit Sundaram,Computer Science,1,03018451720,fsampath@example.com,"H.No. 36
Talwar Marg, Satara 882003",True,Passenger,1,5.0
50009429,Nishith Walia,Civil,3,+912543384494,bhattyuvaan@example.org,"10
Sahota Circle, Chandigarh 263317",True,Both,2,4.0
90240121,Rati Desai,Computer Science,4,1163239268,cmaster@example.com,"23/28, Butala Road, Patna-752681",True,Driver,3,4.2
85620599,Aarav Kapur,Electronics,4,05407464276,keyasuresh@example.net,"H.No. 77, Ghosh Chowk
Mirzapur 465065",True,Both,2,3.2
62972361,Seher Chadha,Electronics,4,+913139858016,dsibal@example.com,"H.No. 34
Suri Nagar, Vijayawada 164850",False,Both,1,3.3
45941908,Amani Uppal,Computer Science,2,2144205481,advikavala@example.org,"997
Gill
Kolkata-809562",False,Driver,3,4.1
6770173,Siya Andra,Electronics,4,2317247641,anaya45@example.com,"H.No. 883, Garde Ganj
Guwahati-976860",False,Driver,5,3.4
54001190,Nayantara Chatterjee,Chemical,2,3821389824,sunderyuvraj@example.com,"98/049
Bala
Bongaigaon 257995",True,Both,4,3.0
33070392,Lakshay Kibe,Electronics,1,00086927048,jiyarege@example.net,"H.No. 33, Som Zila, Mahbubnagar-546201",False,Passenger,5,3.1
51945177,Ishita Bava,Computer Science,4,+917399335127,duaabram@example.net,"42/41, Batta
Dhanbad 403459",True,Driver,4,4.5
39232730,Arnav Sen,Electrical,1,+911009018657,cchar@example.net,"63, Mani Nagar, Udaipur 939614",True,Passenger,5,4.3
97818795,Arhaan Verma,Electronics,3,08470909708,rania12@example.org,"84/09, Swaminathan Street
Bhind-375467",True,Driver,4,3.7
17309782,Kaira Taneja,Computer Science,3,7245149462,ibhakta@example.net,"047
Jani Nagar
Ballia-531974",False,Driver,1,3.8
44387348,Jivin Sachar,Mechanical,1,8726327944,amanimangal@example.com,"H.No. 079
Gokhale Nagar, Indore-801468",False,Passenger,3,3.9
45099513,Hrishita Ganguly,Chemical,1,01311126353,gardedivit@example.com,"18/701, Verma Road
Anantapur-892648",True,Both,1,3.4
87714229,Samiha Gokhale,Computer Science,1,+914097162272,grout@example.com,"68/163
Gulati Marg, Siliguri 385049",True,Passenger,5,3.7
48540760,Adah Edwin,Computer Science,1,02931843282,jbarad@example.org,"79/539, Savant Circle
Raurkela Industrial Township-541413",True,Passenger,4,3.5
89766168,Nirvaan Ranganathan,Electronics,4,03225743588,saanvi13@example.com,"97, Balasubramanian
Morena 047692",False,Both,5,4.1
94139059,Jhanvi Lata,Electronics,1,5555009970,bhatbiju@example.net,"54/91, Rama Marg, Bhimavaram-767884",False,Both,5,3.1
31671002,Tejas Dugar,Civil,2,9346326233,edua@example.net,"535, Sekhon Street
Nanded 284919",True,Both,1,3.1
36475521,Lakshit Goel,Electrical,4,6495333899,malhotrasamaira@example.com,"68, Jha Marg
Tinsukia 016611",True,Driver,2,4.7
5102133,Kismat Dar,Computer Science,4,1569903403,regeriaan@example.com,"164, Tak Road
Siliguri-148782",False,Driver,4,4.8
67250108,Jivin Divan,Computer Science,2,2565442594,bobaloorja@example.org,"02/829
Lad Chowk, Thiruvananthapuram 099734",True,Both,5,3.0
23323561,Sahil Chaudhari,Chemical,4,03436119784,ravianahita@example.org,"H.No. 672, Sami Street
Bhubaneswar 242948",False,Driver,3,4.1
21408233,Lakshay Bir,Electronics,4,01827794892,kantmanikya@example.net,"61/26, Sood Nagar, Kozhikode 286893",False,Both,3,3.9
54697813,Alisha Chacko,Chemical,2,+913907528776,samairasandal@example.com,"H.No. 21, Shah Nagar, Bettiah-729945",True,Passenger,1,3.8
30843819,Hazel Baria,Chemical,4,09538847664,alia19@example.com,"H.No. 786, Kannan Circle, Junagadh-063689",True,Passenger,1,3.1
99687086,Jhanvi Vasa,Civil,3,5623705708,amanisinha@example.net,"291
Wagle Marg
Bangalore 508299",True,Driver,5,3.5
38830116,Hunar Babu,Computer Science,1,00717658008,kannantiya@example.net,"H.No. 58
Chadha Road, Bidar 123273",True,Both,5,4.6
64067309,Indrajit Salvi,Mechanical,4,02541662851,farhan04@example.net,"606, Kumer Nagar, Bathinda 107700",True,Passenger,2,4.7
66130778,Raghav Toor,Electronics,1,+910044597873,yarora@example.net,"29/19
Verma Nagar, Kanpur-432592",True,Passenger,3,3.5
55191939,Saira Bhalla,Electrical,2,2571040218,taimur72@example.net,"27/95, Chaudhary
Vasai-Virar-051989",False,Both,3,3.1
62730848,Mishti Ranganathan,Mechanical,2,00336627232,dorareyansh@example.net,"028
Dhillon Zila
Vellore-754222",False,Driver,5,4.8
25509011,Ahana  Kaul,Civil,3,9221117113,azadbose@example.com,"736, Uppal Circle
Vasai-Virar 913788",True,Both,3,4.5
49139536,Indranil Magar,Electronics,2,+914303637301,basuzaina@example.net,"93/811
Sharaf Path, Raebareli 955191",False,Both,1,3.7
53148517,Yuvraj  Ranganathan,Chemical,4,+913914544015,bsodhi@example.org,"312
Yohannan Zila, Thane-976457",True,Passenger,1,4.9
86480735,Drishya Aurora,Computer Science,2,+919087756612,bhavsarsahil@example.net,"86/644, Khalsa Street
Durgapur 534047",True,Passenger,5,4.8
93199679,Divij Agarwal,Electrical,4,07430553667,eshanichahal@example.net,"179
Kar Circle, Gaya-654036",False,Both,1,3.1
58467576,Raunak Agrawal,Mechanical,3,+912562664253,shray19@example.org,"H.No. 22, Chauhan Street
Mau-167394",True,Driver,2,3.9
75189975,Dhanuk Choudhry,Chemical,2,+913696587411,chakrabortychirag@example.org,"H.No. 655, Ratta Ganj, Berhampur-718249",True,Both,2,3.7
56556692,Arnav Barad,Computer Science,3,+910638400438,kimayavyas@example.com,"421
Varughese Chowk, Jammu 151704",True,Both,5,3.2
6066957,Manjari Rao,Electronics,2,04979718976,bijubahri@example.com,"88/939
Kaur, Secunderabad 079291",False,Driver,5,5.0
57981175,Sahil Din,Civil,3,6169439726,shankartrisha@example.net,"47/219
Sha Circle
Deoghar-789168",True,Passenger,2,4.6
72173921,Anay Kala,Chemical,1,+916149121777,ryanaggarwal@example.org,"37/736, Sachar Marg
Rampur-757795",True,Passenger,2,4.5
29860252,Manjari Chhabra,Mechanical,4,7808597319,birrhea@example.net,"78, Rau Path, Erode 875264",True,Passenger,5,3.3
26879684,Tushar Guha,Civil,2,+918961540142,vedikabahl@example.org,"44/512, Mann Path, Thanjavur 536595",False,Passenger,1,3.8
92202103,Siya Bhasin,Computer Science,3,2627541675,prisha58@example.com,"467, Luthra Ganj
Darbhanga 820618",True,Passenger,5,4.2
87759102,Jivin Bhalla,Mechanical,2,+917492442278,badamidharmajan@example.com,"04, Tata Circle
Satna-324858",True,Passenger,3,4.1
35563284,Tushar Bawa,Chemical,4,+917820831904,vaibhav57@example.net,"24/06, Kari Ganj, Bongaigaon-968279",False,Driver,1,4.0
96834314,Nayantara Krishnamurthy,Civil,4,06691395524,wbir@example.net,"32/82
Chana Chowk, Gurgaon-542991",True,Driver,5,3.3
1722332,Kiara Krishna,Civil,3,+919500988779,abora@example.com,"H.No. 269
Sachar Marg, Dehri-157214",False,Passenger,1,3.3
70475927,Rhea Boase,Chemical,4,08803644090,faiyaz89@example.net,"47/333, Kata Zila
Nandyal-627425",True,Both,2,4.7
92789597,Pari Balakrishnan,Electronics,3,+917785071016,sarnaahana@example.com,"272, Thaman Chowk
Agra-610186",False,Passenger,2,4.9
90156880,Kashvi Brar,Computer Science,2,09848200510,dmammen@example.com,"H.No. 481, Samra Nagar
Madhyamgram 652016",True,Driver,1,3.5
35166245,Priyansh Wadhwa,Electrical,1,1660548741,madhup89@example.com,"H.No. 771, Vala Nagar, Kalyan-Dombivli 261402",True,Both,3,3.1
67872181,Emir Mani,Electronics,3,0154211074,sahalakshit@example.org,"449
Saha Ganj, Thanjavur 444000",True,Driver,5,4.3
57935787,Jiya Gulati,Mechanical,4,02357159796,armaandada@example.org,"H.No. 23
Kadakia Chowk
Faridabad-481302",True,Passenger,4,3.5
92452680,Aarna Bal,Mechanical,3,5854684662,mamooty61@example.com,"H.No. 56, Deo Ganj, Narasaraopet-439622",False,Both,2,3.1
26227633,Drishya Yohannan,Electrical,3,02924447100,raunaksubramaniam@example.org,"07, Sathe Marg
Motihari 168962",False,Driver,4,4.6
48780062,Anya Badami,Electronics,3,04351075707,vigjayesh@example.net,"23/579, Banerjee Chowk
Rourkela-485012",True,Passenger,2,3.9
72505843,Khushi Varkey,Computer Science,2,0338419104,ryan84@example.com,"H.No. 524, Hari Road
Akola-949710",True,Both,5,3.6
49868346,Neelofar Bassi,Chemical,1,2626082762,cbhat@example.com,"84/76
Loyal Nagar, Panchkula 844029",False,Both,4,3.5
59809680,Pihu Sidhu,Electronics,2,+919528230500,nitya81@example.com,"63
Zacharia Chowk
Sambhal 105185",True,Driver,4,3.2
67665948,Nirvi Warrior,Electrical,3,01680741332,zlala@example.net,"H.No. 449, Batra Circle, Udupi 763232",True,Both,2,3.9
93652871,Jiya Aurora,Computer Science,2,+913752995522,gbasu@example.com,"16/616, Borra Ganj, Bhind-126044",True,Driver,4,3.8
61624437,Shayak Singhal,Electronics,1,08745206564,alisharanganathan@example.org,"H.No. 86, Dutt Ganj, Akola 265065",False,Passenger,2,4.2
63024737,Anvi Chaudhary,Chemical,4,06666559916,tusharchaudry@example.com,"852, Rattan Ganj, Danapur 162302",True,Passenger,3,4.1
75078321,Tiya Apte,Electrical,3,5736153392,emir91@example.com,"H.No. 65, Kata Street
Warangal 434315",False,Both,3,4.3
44599482,Baiju Behl,Civil,2,+911521170861,jayaramanpihu@example.net,"727
Sathe Circle, Bathinda 522200",True,Passenger,1,3.6
63843168,Himmat Verma,Mechanical,3,1035885381,aarush05@example.org,"80/012
Mandal Path
Eluru 140974",True,Passenger,3,3.4
43900198,Taran Sibal,Chemical,2,7608214163,rsaini@example.org,"65/87
Sood Street
Jalandhar 462442",True,Passenger,3,4.7
238061,Shlok Chawla,Electronics,2,07490082236,kaira44@example.org,"14/890, Hans Circle, Firozabad 868275",False,Driver,4,5.0
33388614,Kartik Kamdar,Electronics,2,08083215534,evarma@example.org,"H.No. 90
Kota Path
Etawah 203933",False,Driver,5,4.5
14200111,Veer Bava,Computer Science,1,+919784690161,seher92@example.org,"H.No. 282, Joshi Chowk, North Dumdum 576047",False,Passenger,2,3.9
75151002,Farhan Bose,Civil,4,8179327215,ssunder@example.net,"H.No. 971
Yadav Path
Tadepalligudem-308867",True,Driver,3,4.2
98831823,Yakshit Thakur,Electrical,2,09956747584,ggade@example.net,"H.No. 79
Mandal Nagar, Bhatpara-890999",False,Driver,3,4.5
7857661,Kavya Gera,Chemical,4,7174234974,ayeshachaudhuri@example.net,"H.No. 05
Sabharwal, Vijayawada 737210",True,Both,3,3.5
30098631,Madhup Kashyap,Mechanical,4,+915143255420,chaudharimishti@example.com,"50
Ratta Marg
Raiganj-561626",False,Both,4,4.1
11654502,Badal Singh,Electronics,2,+913930695508,ybasak@example.com,"H.No. 277, Kulkarni Path, Mangalore-512587",False,Passenger,4,3.2
8679039,Lavanya Loyal,Civil,1,01721210801,nitaraborde@example.com,"68/329
Anne Circle
Danapur 213020",False,Both,3,4.3
89334201,Adira Deep,Electrical,3,02171776164,ishaan93@example.org,"39
Kade Path
Bhatpara-595544",True,Passenger,3,4.0
60348132,Ishaan Sahota,Computer Science,1,07771182241,anahitadeshmukh@example.net,"H.No. 789
Chander Circle, Satara-538819",True,Both,5,3.4
28569103,Indranil Manne,Mechanical,4,+919643640386,zkrishnan@example.net,"69/63
Sama Nagar
Kumbakonam 205713",False,Driver,4,4.9
14394235,Dhanuk Bandi,Electrical,4,4941150688,bordehimmat@example.org,"43/249
Bath Marg
Bally-475192",True,Both,1,4.4
79698022,Biju Guha,Electronics,2,+914165342490,himmat13@example.net,"306
Andra Nagar
Navi Mumbai-160872",False,Both,2,4.7
74096034,Saira Jayaraman,Civil,3,+912046401442,akarshchauhan@example.net,"42/80
Mani, Deoghar-109348",True,Driver,1,3.1
97837316,Shray Vohra,Civil,3,+912909050438,kanav31@example.net,"H.No. 23
Mani Nagar
Bettiah 962364",True,Driver,1,4.3
68458033,Rhea Virk,Civil,1,00804947867,aarush81@example.org,"H.No. 335
Sampath Ganj, Khandwa 304924",False,Driver,5,3.2
82467118,Yasmin Aggarwal,Civil,4,8886059203,krish77@example.org,"01
Rout Road, Kochi 006375",False,Driver,1,3.1
80411373,Shamik Deol,Electrical,3,+914882617243,kataparinaaz@example.com,"H.No. 65, Aurora Nagar
Udupi-078295",False,Passenger,2,3.8
86727720,Prerak Chauhan,Electrical,4,06878213885,magaradvik@example.org,"68/53, Bawa Ganj, Vellore-005272",True,Passenger,3,4.6
64550881,Divyansh Seshadri,Computer Science,1,6615970116,uthkarshjani@example.com,"94/93, Saxena Road, Khammam 907530",False,Passenger,5,3.5
22486589,Faiyaz Chada,Electronics,4,+919998093318,tkhalsa@example.com,"H.No. 38
Sangha Road, Jehanabad-800331",True,Driver,4,4.6
7999859,Zara Sathe,Computer Science,4,2357068035,akarsh22@example.org,"H.No. 81, Ramakrishnan Chowk, Loni 962116",True,Passenger,1,3.9
22689220,Ela Sarraf,Electronics,1,01513424454,dassstuvan@example.com,"H.No. 627, Saxena, Bhiwani-581776",True,Driver,4,3.7
75544176,Rhea Divan,Mechanical,4,00071405563,mohanlalhayre@example.org,"630, Tara Path, Shahjahanpur-046857",False,Both,5,4.8
84264303,Rhea Dash,Mechanical,2,2272892486,jrastogi@example.org,"14, Sampath Road, Chandrapur-730409",False,Both,2,4.0
53796216,Nehmat Andra,Mechanical,4,7431670165,advika24@example.org,"H.No. 640
Jha Nagar, Gulbarga 476577",True,Driver,2,4.5
71450379,Nakul Apte,Mechanical,3,04889810968,obora@example.org,"136
Halder Road
Jamshedpur-476243",False,Passenger,5,3.6
55582680,Kaira Barad,Electrical,4,00910723827,adahbawa@example.org,"H.No. 093
Koshy Marg
Bathinda 922824",False,Driver,2,3.2
66507874,Ranbir Dey,Electrical,4,00481347606,qdhillon@example.org,"65/343, Roy
Nagaon 031753",True,Passenger,3,3.2
54314901,Inaaya  Mahajan,Chemical,2,01858463911,rganguly@example.org,"029
Tandon Marg
Suryapet-193602",True,Driver,4,4.2
33756535,Vardaniya Sinha,Mechanical,1,08144548116,qamble@example.net,"H.No. 76
Gara Road
Nagaon 594095",False,Driver,5,3.7
88214087,Yashvi Kannan,Chemical,1,6728862691,arnavuppal@example.com,"H.No. 283
Chahal Zila, Singrauli-605148",True,Driver,5,3.1
78783743,Advik Salvi,Electronics,1,06731198844,crana@example.org,"02/685, Kala Path, North Dumdum 892497",True,Driver,4,3.1
13733153,Anahi Gara,Chemical,1,02850058750,dhingrakanav@example.net,"44, Gole Chowk
Ludhiana-837628",True,Both,2,4.3
90576938,Hansh Solanki,Mechanical,4,6454971239,baiju71@example.com,"H.No. 270
Kar Path
Ahmedabad 356205",False,Driver,2,5.0
81250960,Khushi Dugar,Civil,4,+915018137639,vanyashan@example.net,"H.No. 940, Chowdhury Street
Bhalswa Jahangir Pur 231293",False,Passenger,5,3.5
835300,Arhaan Chokshi,Electrical,4,03738019535,miraya16@example.com,"H.No. 91, Goel Chowk, Alwar-368418",False,Both,5,4.1
6596445,Trisha Dutt,Chemical,2,09285030412,xwagle@example.org,"78/535, Aurora Zila
Bihar Sharif 905470",False,Driver,1,4.6
90960006,Tarini Sehgal,Chemical,3,+913294731350,heer71@example.org,"H.No. 404, Mand Nagar, Tirupati-630903",True,Driver,2,3.9
95737154,Gatik Jhaveri,Civil,2,+910519504250,viswanathanbiju@example.com,"01
Wali Circle
Bhalswa Jahangir Pur 215832",False,Passenger,3,4.9
64323500,Heer Chaudhary,Civil,4,+912796206641,hanshjayaraman@example.org,"09/263
Tripathi Street
Ujjain-773072",False,Both,3,3.6
52494856,Ryan Tata,Mechanical,1,3166307626,salviadvika@example.org,"H.No. 33
Ahluwalia Circle, Kota-104960",True,Passenger,2,4.6
89485682,Shamik Mandal,Computer Science,3,3782227471,rray@example.org,"28, Chauhan Chowk, Pune-243427",False,Driver,3,4.5
47844802,Purab Shroff,Electronics,4,+917324083622,soodaayush@example.net,"26
Krish
Mangalore-866835",False,Both,3,4.2
74594250,Akarsh Bhatt,Chemical,2,05970461904,bapte@example.net,"06, Virk Zila, Hyderabad 134242",False,Passenger,4,4.5
42528905,Saanvi Kalla,Electronics,2,+916068361443,anaya63@example.org,"52/076, Borah
Bettiah-701745",False,Both,5,4.7
54363070,Manjari Bir,Electrical,1,+912739888969,thakeranika@example.com,"50, Deep Zila
Khora -014676",True,Driver,2,3.6
52545565,Aarush Krish,Computer Science,2,+912402462865,hshetty@example.com,"06/14
Goel Path
Kottayam 885566",True,Driver,2,3.5
39610587,Himmat Mammen,Electrical,4,3128682712,surpriyansh@example.org,"990, Lad Chowk, Jammu-465894",False,Both,3,5.0
58445677,Anahi Kalla,Chemical,2,08305709560,ouppal@example.org,"H.No. 26, Bala Nagar, Bathinda 992914",True,Driver,5,4.3
19248173,Heer Buch,Mechanical,3,+916140743030,taimur05@example.com,"H.No. 189
Sengupta Circle, Amroha-407440",True,Both,3,4.9
71562647,Advik Sangha,Computer Science,4,09787136593,vthakkar@example.org,"35/004
Tara Path, Sirsa 487546",True,Both,3,4.1
40575831,Elakshi Samra,Computer Science,4,06677237988,freddy@example.org,"57/09, Dhar Road, Adoni 786766",True,Driver,4,3.2
4540415,Dhruv Mahal,Electronics,4,09316908580,kiaan99@example.net,"21/817, Bumb Path, Bhiwandi 544736",False,Both,3,3.9
33035284,Hazel Babu,Mechanical,1,1630604154,gmani@example.com,"H.No. 131
Bera, Mysore-726182",False,Driver,2,4.9
74962232,Tushar Behl,Electrical,2,7759037846,saradalia@example.com,"H.No. 59, Swamy Ganj
Patiala 392322",True,Passenger,3,4.3
62817319,Zaina Bhavsar,Mechanical,3,4800617256,gatik50@example.com,"H.No. 357, Ranganathan Zila, Panvel-412953",False,Driver,4,3.1
41310245,Oorja Keer,Chemical,1,09279479295,rasha57@example.org,"534
Venkataraman Nagar, Bareilly-037498",True,Both,2,3.8
10857943,Suhana Sahni,Electrical,1,06166658424,comarpriyansh@example.net,"10/79
Chhabra, Pali-546911",True,Passenger,1,5.0
43268261,Shlok Butala,Computer Science,4,7501365087,nayantara44@example.org,"98, Gour, Morbi-985314",True,Both,3,3.3
80220125,Anahi Dhaliwal,Computer Science,4,02516828722,obatra@example.com,"733, Som Zila, Durgapur-429524",True,Driver,1,4.3
12327611,Nayantara Biswas,Electronics,2,03611636542,ckannan@example.net,"38/922
Kalita Circle, Pune-121167",True,Both,5,4.1
88779626,Shray Bhakta,Electrical,3,00744823542,hegdegokul@example.org,"46/472
Sarna Street, Delhi 476303",False,Both,4,4.3
93916087,Aarush Savant,Civil,1,03654221274,osanghvi@example.org,"841, Dave Circle, Sambalpur 796308",True,Driver,5,4.3
38690390,Neelofar Som,Mechanical,4,03141320163,ywason@example.com,"H.No. 693, Bains Road, Muzaffarnagar-545760",False,Both,4,4.7
86130908,Misha Chokshi,Chemical,3,8991890600,iramannan@example.net,"H.No. 32, Doctor Nagar, Varanasi 761850",False,Both,3,3.7
14174707,Jayant Vohra,Civil,2,01569301524,ryanraj@example.net,"79/64
Doctor Marg
Aizawl 139858",False,Driver,5,4.6
42327468,Eshani Vohra,Electrical,1,3785768077,chandranbhamini@example.org,"341, Rana Chowk, Miryalaguda 512200",False,Passenger,3,3.0
27734986,Shayak Master,Electronics,2,05538057730,ahana-85@example.org,"068
Chand Ganj
Madanapalle 962137",False,Both,4,4.7
5044221,Jivin Wason,Electrical,1,+919158721534,indranilgandhi@example.org,"H.No. 930, Soni Chowk
Singrauli-492484",False,Passenger,3,3.9
13765582,Azad Reddy,Electrical,3,05407051735,pgour@example.com,"H.No. 81, Basak Ganj, Panipat 710883",False,Both,4,4.1
29006170,Adira Chahal,Chemical,1,00643261203,riya31@example.net,"26/806, Varkey Marg
Jamshedpur 102212",False,Passenger,4,4.1
66438068,Elakshi Bhandari,Civil,1,0926375261,rohanjayaraman@example.net,"H.No. 767
Krish Street
Thrissur 094070",False,Driver,4,4.2
98228091,Lakshit Warrior,Computer Science,4,04954551690,sdeep@example.org,"304, Chauhan Chowk
Mumbai 288642",True,Passenger,3,3.3
56523700,Vidur Rana,Civil,1,03339301757,saanvi00@example.net,"673, Banik Ganj, Kadapa-202776",True,Driver,4,4.5
85526442,Aarush Brar,Chemical,3,7933115605,manderfateh@example.com,"33/995, Vora Street, Dhanbad 124732",True,Driver,3,4.0
85493201,Ivan Kapoor,Chemical,2,+912580975060,nityakothari@example.org,"67/398, Chawla Zila
Udaipur 191385",True,Driver,1,3.0
63999820,Darshit Sankaran,Electrical,1,+917690234511,doctorheer@example.org,"H.No. 126
Bansal Path, Morbi 562415",False,Driver,1,4.3
78611011,Aniruddh Kala,Computer Science,2,08891846097,pchander@example.org,"H.No. 88
Dani Zila, Sri Ganganagar-916946",False,Both,2,3.7
43761372,Indrans Subramanian,Chemical,2,08168049246,mamootyswamy@example.net,"H.No. 47
Bhatnagar Chowk, Navi Mumbai 090889",False,Passenger,5,4.4
86884330,Neysa Bhargava,Electronics,2,+915871339815,kiyengar@example.org,"H.No. 983, Bhattacharyya Road
Bhatpara-013005",True,Passenger,3,4.1
39544655,Jivin Konda,Chemical,2,09241561459,tshanker@example.org,"23/92
Mane Circle
Hapur 432690",True,Passenger,3,4.5
32900599,Lavanya Kulkarni,Electrical,2,03647231361,sundaramyashvi@example.com,"82/972, Chawla Road, Nagaon 997006",False,Passenger,1,4.3
98619494,Mamooty Bath,Mechanical,2,03854791926,jiyachand@example.com,"H.No. 829, Vig Zila, Shahjahanpur 621142",False,Passenger,2,4.1
33234339,Adira Deshmukh,Civil,4,08878885661,dashsaira@example.com,"74/24
Deo Road, Pondicherry-135124",True,Driver,2,3.7
27197186,Ranbir Gupta,Civil,2,07457403022,anahi00@example.net,"03/24, Srinivas, Bhiwandi-590548",False,Driver,5,4.2
20451611,Elakshi Choudhary,Electronics,1,06336302278,badalchand@example.com,"88/36
Kannan Ganj
Berhampore 122215",True,Driver,3,4.6
69325683,Shaan Dash,Mechanical,1,+914377785940,balianya@example.com,"957, Rau Path, Hyderabad-827074",True,Both,1,4.6
7310049,Hunar Bora,Electronics,1,06831572878,kaira33@example.com,"H.No. 18, Arya Chowk
Patna-745316",False,Passenger,5,3.3
35875061,Aayush Lanka,Civil,4,+913509912964,anaya15@example.net,"H.No. 338, Sampath Zila, Etawah-988598",True,Passenger,3,3.2
87435901,Tejas Luthra,Electronics,3,07039072648,hkala@example.net,"15/344
Bumb Circle
Bharatpur-592856",False,Passenger,2,4.7
82245150,Jivika Balasubramanian,Civil,4,+917356781497,beraanaya@example.org,"H.No. 64
Walla, Coimbatore-485870",True,Both,4,3.3
7908913,Vanya Mani,Electrical,1,+918273084356,hridaanwable@example.org,"77/87, Ramesh Ganj
Thanjavur 391185",True,Both,4,3.7
5848436,Kanav Manda,Electrical,4,04950460517,vbhasin@example.org,"H.No. 43, Kulkarni Road, Tenali 144861",False,Both,1,4.0
24356086,Zaina Andra,Electronics,4,07113971034,mtak@example.net,"55/639
Soman, Howrah-780018",True,Driver,4,4.5
32632046,Hrishita Tiwari,Computer Science,2,02287129735,eshaniganesan@example.org,"375, Soni Chowk, Buxar-257096",True,Both,1,3.1
53352565,Drishya Sant,Computer Science,3,8043601931,tiya84@example.org,"H.No. 31
Arora Chowk, Pali-230359",True,Driver,4,4.7
15175317,Vaibhav Sundaram,Civil,3,+910055097107,tejas59@example.com,"H.No. 516, Kade Road, Dindigul-961095",False,Both,3,3.3
30846086,Sahil Tak,Electrical,1,2963054696,chaudhurimanjari@example.net,"23, Sarma Street
Kalyan-Dombivli-812427",True,Both,4,3.9
53752175,Indranil Dubey,Computer Science,2,8982017436,ojastalwar@example.com,"H.No. 32
Lall Street, Tadipatri-816121",True,Both,1,4.1
55601464,Zeeshan Kale,Electrical,2,4151042276,saanviraman@example.com,"69/86, Madan Street, Pallavaram 314239",False,Both,1,4.5
62851516,Nirvaan Randhawa,Electronics,4,+910241179854,ybhavsar@example.net,"H.No. 14, Chaudhry Zila, Bhimavaram-219025",True,Both,5,4.2
36477709,Inaaya  Dube,Mechanical,1,00409823061,adah54@example.org,"85/021
Baral Nagar
Phagwara 029724",True,Passenger,1,3.5
91491153,Yasmin Singhal,Computer Science,1,2995026844,vihaankarpe@example.com,"H.No. 54
Randhawa Chowk
Bhusawal-385295",False,Both,3,4.1
61694797,Shalv Dube,Chemical,2,+919909971940,warriorsamarth@example.com,"H.No. 93
Dutta, Hospet 226620",True,Driver,2,3.3
54313158,Mahika Vora,Electrical,2,03805406332,wkara@example.org,"H.No. 408, Sharaf Chowk
Purnia 392304",True,Passenger,5,3.4
92661888,Advika Choudhary,Computer Science,1,07273125976,jayan95@example.net,"452, Maharaj Road
Gangtok 791413",True,Passenger,2,4.8
97556110,Ishita Balakrishnan,Mechanical,3,08010945839,vkaran@example.net,"34, Iyengar Zila
Jaunpur 887994",True,Driver,1,4.8
35044091,Nishith Chawla,Chemical,4,+917181625787,keyazacharia@example.com,"75, Khatri Road
Mau-790570",False,Passenger,3,4.4
7108165,Saira Kapadia,Computer Science,3,06965008218,cjohal@example.org,"H.No. 55
Rout Chowk
Jorhat-719044",False,Driver,4,4.9
33515946,Ranbir Chawla,Electronics,2,07914762039,skadakia@example.org,"57/11
Edwin Ganj, Bulandshahr-544196",False,Passenger,5,4.1
57331474,Saira Gara,Chemical,1,7045405787,qgarg@example.org,"91
Keer Road, Bhiwani-223441",True,Driver,1,3.5
55194625,Divit Mann,Mechanical,2,+911875957101,bhavin73@example.com,"21
Dubey Marg
Medininagar 128483",True,Driver,2,3.6
85785245,Riya Doctor,Electrical,1,02470891546,umall@example.net,"01
Balakrishnan Street, Tiruvottiyur-054386",False,Both,1,4.9
30082278,Dishani Jayaraman,Electronics,3,8105135022,priyansh78@example.org,"H.No. 85, Sarma Street
Bhiwani-030315",False,Driver,2,4.3
41917727,Faiyaz Sani,Chemical,3,+919320998560,madhupwali@example.com,"81/609, Wason Ganj, Thoothukudi-921166",True,Passenger,5,4.1
25750987,Onkar Grewal,Mechanical,4,2478662096,deshmukhadah@example.org,"H.No. 138, Kadakia Zila, Bardhaman 579803",True,Passenger,5,3.6
9012784,Nitara Dar,Mechanical,1,02110100184,qcomar@example.net,"940, Choudhury Ganj
Moradabad 617684",False,Both,2,3.8
64495563,Rhea Datta,Chemical,3,+916911069609,uthkarsh41@example.net,"H.No. 87
Bala Zila
Hospet-581147",False,Both,3,3.5
27321395,Kiara Sampath,Mechanical,2,+910474191745,darakiaan@example.org,"10
Randhawa Marg
Alappuzha 790723",True,Passenger,4,4.4
25955270,Shray Sant,Electrical,2,+910745907463,agateveer@example.org,"H.No. 13, Hora Chowk, Dhanbad-885732",False,Both,4,4.1
93916926,Ela Vasa,Mechanical,2,+918441460566,butalaparinaaz@example.org,"H.No. 074, Basak Ganj, Saharanpur-183540",True,Passenger,4,4.9
4995732,Inaaya  Majumdar,Electrical,4,+913587184508,nirvaan13@example.com,"H.No. 289, Wali Circle, Darbhanga 699346",False,Passenger,1,4.8
10864533,Riaan Deol,Civil,3,07220041956,ichandran@example.org,"379, Seshadri Nagar, Baranagar 075400",False,Both,5,4.5
4182471,Tiya Manne,Civil,3,+917899451333,upadhyayoorja@example.net,"H.No. 20
Krishnan
Shimoga 941432",True,Passenger,1,4.6
7120444,Advik Bhatnagar,Civil,3,00512956237,wamble@example.org,"538
Sankar Chowk, Jalandhar 516985",True,Driver,3,4.5
38884095,Rhea Baria,Electronics,4,05942731958,nitya26@example.org,"859, Kakar Chowk, Ghaziabad-739847",False,Driver,4,4.2
28325685,Ranbir Loyal,Electronics,4,+912695981984,anahilal@example.net,"80/030
Ghosh Circle
Bahraich-530107",True,Both,4,4.5
37256784,Vedika Varghese,Chemical,2,+911163279697,gmand@example.net,"20/725
Shroff Road, Ranchi-371166",False,Both,5,4.6
81639979,Hazel Banik,Computer Science,1,1239599781,raghavarya@example.org,"90/42
Setty Path
Kota 354447",True,Passenger,2,3.1
80818624,Yashvi Suri,Chemical,3,08847609709,ishitachaudhry@example.com,"69/60
Krishnamurthy Path
Katni-058953",True,Passenger,5,3.6
13312734,Heer Banik,Mechanical,4,+913159456667,kartik88@example.net,"16/88, Sibal Nagar
Hubli–Dharwad 499331",False,Both,3,4.1
18510707,Indrajit Ray,Computer Science,3,7011942997,goelveer@example.com,"64/758
Mammen Circle, Ongole-415159",False,Driver,2,3.9
50991714,Indranil Mahal,Computer Science,3,+917206076344,darshit72@example.net,"02/30, Sibal Circle, Siwan-135982",False,Passenger,4,4.3
86431067,Khushi Sankaran,Mechanical,4,+912282947343,nehmat39@example.net,"333
Butala Nagar, Raurkela Industrial Township-877043",False,Passenger,3,4.1
96893333,Hrishita Shroff,Electrical,4,07117541767,eva96@example.org,"23/91
Comar Ganj, Tenali-565375",True,Driver,1,3.5
98947882,Advik Ravel,Chemical,1,02156060782,kapoorjivin@example.com,"082, Khalsa
Bhiwani 318757",False,Both,3,4.1
7978881,Vedika Bhattacharyya,Electrical,4,+912545078233,zgola@example.org,"05/33, Deshmukh Chowk
Sagar-883486",False,Driver,5,3.2
81044174,Anaya Keer,Electrical,3,+917183872291,chandarasha@example.net,"573
Vyas Path
Rajkot-635150",True,Driver,3,3.7
8370384,Tushar Mani,Electrical,1,7203894308,ranbir96@example.org,"H.No. 618, Rout Street, Anand 329342",True,Passenger,4,4.4
22250442,Yashvi Hora,Electrical,2,9192524951,dbail@example.org,"H.No. 213
Chandra Nagar, Nellore-466176",False,Passenger,1,4.9
71438478,Kanav Vasa,Electronics,3,+913198713387,pari70@example.net,"17/686
Mahajan Road
Panipat 437329",False,Both,3,3.3
20235700,Himmat Suri,Computer Science,1,00956677964,bailshalv@example.net,"16/352, Lall Ganj
Machilipatnam 490275",True,Passenger,2,3.3
30154547,Heer Ramanathan,Civil,1,5262984028,fvyas@example.org,"25
Tara Marg
Mathura 026102",True,Both,1,4.2
5686166,Seher Bhatnagar,Electronics,4,6030324795,dharindrans@example.com,"16, Tank Zila
Bharatpur 292279",False,Passenger,1,3.3
93574336,Hunar Thaman,Electrical,2,7610854478,wjha@example.net,"966
Sachdev Zila, Panchkula 288499",False,Passenger,3,3.7
97929409,Aarush Kapur,Computer Science,1,+915209769899,hiran75@example.org,"77, Bhatnagar Chowk
Shahjahanpur 373612",False,Passenger,5,3.6
21932293,Aradhya Garg,Computer Science,3,7679457810,qvarma@example.com,"79/356
Tank Road, Raurkela Industrial Township 235531",False,Both,5,4.4
6846433,Lakshay Hayre,Civil,2,06994230979,saira92@example.com,"51/75
Kata Street
Jhansi-527739",False,Driver,2,5.0
24108597,Manjari Yogi,Electronics,3,+916567751191,iwason@example.org,"211, Talwar Road, Dibrugarh 295435",True,Both,3,4.7
70564601,Alia Bumb,Electrical,4,05846790293,zain83@example.org,"90, Magar Marg, Rajahmundry 505963",False,Both,4,3.6
1656684,Zeeshan Doshi,Civil,1,1253327745,yasmin48@example.net,"50/388, Kapur Marg
Bareilly 496908",False,Driver,3,3.1
4626558,Neysa Dutt,Mechanical,4,08606223578,ivan90@example.net,"71/25, Handa Circle, Haldia-386467",False,Passenger,3,4.2
77631597,Yasmin Dutt,Electrical,2,1040437998,borrajayesh@example.org,"H.No. 98, Borah Ganj
Kharagpur 641212",False,Both,5,4.0
61398843,Miraya Tiwari,Electrical,2,1190732685,sehershetty@example.com,"H.No. 899
Savant
Machilipatnam 154391",False,Passenger,2,3.1
36868003,Dishani Krishnan,Mechanical,4,+915717571583,kiaan22@example.com,"H.No. 01, Sule Street
Nanded 339890",False,Both,4,3.3
83916297,Sumer Keer,Electronics,4,6004120942,malllavanya@example.net,"H.No. 897
Subramanian Street
Visakhapatnam 301186",False,Both,4,4.2
55458671,Vihaan Venkataraman,Electrical,3,5840543362,emir86@example.com,"63
Master Chowk, Imphal 881565",False,Passenger,1,3.4
84175371,Navya Gade,Electrical,2,7749998594,ishitachawla@example.org,"70
Grover Path
Srikakulam-041447",False,Driver,3,4.7
12798396,Samaira Kulkarni,Mechanical,2,+914579338547,vsarma@example.com,"24/139
Varghese Ganj
Imphal-229516",True,Driver,4,3.4
44612472,Sana Kalla,Electronics,1,+914927305970,randhawasamarth@example.com,"13/85
Batta Path, Delhi 625539",False,Both,5,4.1
62970580,Vardaniya Swaminathan,Electronics,4,01990512881,vaidyamahika@example.com,"H.No. 227, Koshy Chowk, Pimpri-Chinchwad 263838",False,Passenger,4,3.4
6326033,Ela Raja,Electrical,4,09120110737,zbarman@example.net,"93
Tiwari Path, Bhopal-050060",False,Driver,5,3.2
60638547,Dhanuk Aggarwal,Electronics,2,09935220647,priyansh96@example.org,"79/20, Bal Ganj, Panipat 508087",True,Passenger,3,4.9
15729183,Vaibhav Thaker,Chemical,1,+917826081181,ysachdeva@example.net,"95
Bedi Chowk
Saharanpur-590339",False,Driver,5,4.1
17636378,Miraya Johal,Civil,1,0323612221,eva62@example.org,"H.No. 18, Mangal Chowk, Madurai-708078",True,Passenger,4,3.9
11977985,Emir Cheema,Civil,2,3719253577,diya51@example.org,"H.No. 55
Deshpande Marg
Ulhasnagar 282119",True,Both,3,4.0
84910651,Anika Ramesh,Mechanical,4,+912163726471,kalakartik@example.com,"813, Jayaraman
Malegaon 734635",False,Both,2,3.6
88683194,Amira Tak,Computer Science,3,5369186116,aaravdin@example.net,"583, Salvi Nagar, Hazaribagh-536448",False,Driver,2,3.0
62926852,Saanvi Kapoor,Mechanical,2,8044073678,hazelbhasin@example.com,"87, Shah Chowk, Pudukkottai-654999",False,Passenger,1,3.6
50863847,Tarini Vyas,Computer Science,4,+915906251735,kiaananand@example.net,"H.No. 17
Golla Road, Ichalkaranji-449900",True,Driver,2,4.3
20909161,Jivin Joshi,Civil,3,+910406894697,nitarashan@example.net,"H.No. 869
Rege Road
Secunderabad 432775",False,Passenger,3,3.8
18770473,Elakshi Borra,Electronics,4,9231073900,hiran40@example.net,"H.No. 642, Balay Chowk
Chandrapur 352490",False,Passenger,3,4.8
20473050,Riya Mand,Electronics,2,04743237505,msoman@example.net,"H.No. 12
Ray Path, Gopalpur-668786",True,Passenger,2,4.8
11800329,Renee Varma,Electrical,3,8861880009,kavyabiswas@example.com,"07/978, Goyal Chowk, Tiruvottiyur-461128",False,Driver,3,3.2
31637089,Jhanvi Hayer,Mechanical,3,5382469080,hanshsagar@example.net,"H.No. 90, Sahni, Bhimavaram-294179",False,Driver,5,3.0
35949987,Shanaya Goyal,Civil,4,+914933250241,sahniojas@example.net,"H.No. 548, Ramachandran Zila
Phagwara 665568",True,Driver,5,3.7
48704970,Tarini Sahota,Mechanical,4,8848198150,rajanlakshit@example.org,"600
Bahl Path
Vellore 754906",False,Driver,2,4.7
70315549,Neysa Toor,Civil,1,06692244600,elakshi40@example.org,"95/139
Kar Ganj, Kochi 200169",True,Both,2,4.0
53988798,Nirvaan Loke,Civil,2,07482505431,agrawalriaan@example.org,"68
Wason Zila
Pimpri-Chinchwad 766088",True,Both,1,3.6
18076851,Yasmin Krishna,Electrical,3,00576263137,bhamini91@example.org,"15/30, Kothari Nagar, Baranagar 024471",True,Driver,2,4.8
28155077,Chirag Bedi,Chemical,1,+917227082779,gatik12@example.com,"92
Chhabra Road
Chandigarh-441885",False,Both,5,3.6
41700977,Anvi Ben,Electrical,4,04031613349,yahluwalia@example.com,"06
Lala Street, Machilipatnam 578076",True,Driver,1,4.9
67918990,Manjari Wable,Civil,4,+913996349129,mamootychahal@example.net,"04, Batta
Ahmednagar 500753",False,Driver,2,4.8
8888728,Onkar Gokhale,Computer Science,3,03940748987,balisahil@example.org,"027
Garde Road
Jamalpur-222110",False,Passenger,5,3.7
24517397,Veer Rajagopal,Electrical,2,6407568323,shayakkaur@example.net,"H.No. 52, Edwin Chowk
Bhind-121595",False,Passenger,5,4.1
579475,Advika Bassi,Electrical,2,+915326762480,janikartik@example.net,"H.No. 859
Kala Circle, Gangtok 798822",True,Driver,3,4.8
25929773,Azad De,Computer Science,3,07278651056,rashaswamy@example.net,"84/55
Anne Ganj, Latur 855892",False,Driver,5,4.2
26646392,Mannat Vohra,Computer Science,2,1369640408,dhruvmallick@example.com,"H.No. 60, Zachariah, Bardhaman 371436",True,Both,2,3.2
50849039,Anahi Suri,Chemical,2,06188993720,nswaminathan@example.org,"04/281
Sarraf Marg, Guntur 443122",True,Passenger,4,4.4
54963123,Jiya Kala,Chemical,2,05116830386,faiyazkala@example.org,"14/89
Chawla Nagar
Jorhat 211858",True,Passenger,3,3.6
10999187,Sana Ghose,Electrical,4,+916291334909,pranay70@example.net,"29
Bala Nagar, Rampur-781243",True,Driver,3,4.7
90859491,Zara Sanghvi,Electrical,4,5268047760,yuvraj-jain@example.org,"14/33, Shroff Ganj, Durg-758109",False,Both,4,4.2
915086,Piya Ratti,Computer Science,1,+917005360793,dharmajan45@example.net,"33/14, Sinha Circle, Avadi 627342",False,Both,3,4.7
29375296,Piya Bawa,Computer Science,3,+911191011283,jayesh91@example.net,"76/501
Kadakia Path
Mau 284658",True,Driver,3,3.1
68155753,Jayesh Dubey,Computer Science,2,00566256567,udeo@example.net,"389, Kari Road
Siwan-678313",False,Both,5,3.9
11403384,Abram Shenoy,Chemical,4,+917315815943,nirvaanlad@example.net,"710
Wali Street
Mira-Bhayandar-710562",True,Both,1,4.9
27249623,Nitara Gala,Computer Science,3,03304729250,riya82@example.net,"H.No. 647
Kamdar Nagar, Sultan Pur Majra 828652",False,Passenger,4,3.8
26570348,Uthkarsh Sha,Electronics,3,8839365447,dhruv52@example.net,"H.No. 68
Hegde Circle
Amaravati-998139",True,Passenger,1,4.4
7858198,Amani Sani,Computer Science,4,5948816773,raveluthkarsh@example.com,"137, Dugar Street, Mango 729783",True,Both,5,4.7
95261359,Taimur Badami,Civil,3,+914286758462,advik37@example.org,"H.No. 12
Ahluwalia Road, Sultan Pur Majra-890137",False,Driver,3,3.7
4980281,Pihu Comar,Civil,4,7874328154,misha79@example.org,"H.No. 729
Garg Marg
Berhampore 914599",False,Passenger,1,3.7
40008321,Pranay Thakur,Electrical,4,+916122803080,mannatray@example.net,"H.No. 464, Bhardwaj Marg
Kalyan-Dombivli 223229",True,Passenger,1,4.5
21905452,Yasmin Kanda,Mechanical,3,+918374218131,samaira62@example.org,"07, Cherian Road
Deoghar 838548",True,Passenger,5,3.4
76351683,Ryan Bhatia,Mechanical,2,05199308342,kiara34@example.org,"35/152, Goswami Ganj, Raipur 364749",False,Passenger,3,3.2
75283959,Bhamini Dubey,Chemical,4,02292677724,lvohra@example.com,"65/964
Thaman Ganj
Agra 879017",True,Passenger,5,4.6
38062034,Neysa Krishnamurthy,Chemical,2,+910845612715,nranganathan@example.net,"18
Balasubramanian Street
Jalandhar 695294",True,Both,1,3.2
98210127,Ivan Rastogi,Chemical,2,07077388868,gkata@example.org,"91/64, Varma Ganj
Sangli-Miraj & Kupwad-230314",True,Passenger,2,3.2
78501064,Vritika Lata,Civil,4,6020573443,lakshitkrishnamurthy@example.net,"H.No. 97, Sankaran Road, Ichalkaranji-754972",True,Driver,2,3.8
90388133,Chirag Sanghvi,Electrical,1,0444198791,schaudhari@example.com,"05
Rege Street, Bahraich 741642",True,Passenger,4,4.5
85571452,Urvi Swamy,Electrical,2,+918829578891,mohanlalramakrishnan@example.org,"18
Hayre Path, Bokaro-432090",True,Driver,3,4.3
54972464,Miraya Varkey,Computer Science,3,08322488363,faiyaz43@example.org,"H.No. 048
Bajaj Nagar, Haridwar 222250",False,Both,5,3.0
35776479,Keya Thaman,Electronics,3,8738346306,kbatra@example.com,"492, Subramaniam Circle, Meerut 900879",True,Driver,5,4.7
6145679,Dhruv Shetty,Mechanical,3,+914705956600,rattavivaan@example.net,"74/413, Krishnamurthy
Gandhinagar 041388",True,Passenger,3,4.8
3363425,Advik Guha,Mechanical,4,8219582976,badal24@example.org,"19/37, Sarna Chowk, Tumkur-017525",False,Passenger,4,3.4
2026571,Anvi Maharaj,Civil,2,9833722782,ychaudry@example.net,"11/083
Sidhu Marg
Bulandshahr 126636",True,Both,1,3.4
4894403,Hridaan Shanker,Electronics,3,+913100223245,anya82@example.com,"681, Wable Nagar, Rajkot-394148",False,Both,5,4.5
89754101,Eva Ramachandran,Computer Science,3,2608862719,lankaumang@example.com,"66
Jayaraman Nagar, Gudivada 798807",False,Both,4,4.2
27847057,Indranil Khalsa,Civil,2,8286685733,dadajivin@example.net,"60, Date Nagar
Bidhannagar 855821",True,Both,2,3.2
28454908,Advika Goel,Chemical,3,06296360510,mbava@example.org,"35/013, Aurora Ganj, Gopalpur 887711",True,Passenger,3,3.2
70140206,Jivika Savant,Civil,3,+919956176581,kabirsura@example.com,"H.No. 01, Rao Nagar, Bhubaneswar-602845",True,Driver,2,3.0
61422280,Aarna Chaudhry,Civil,1,04015483421,ritvik09@example.net,"H.No. 58, Master Zila, Bhubaneswar-034418",False,Passenger,3,3.3
66925332,Neelofar Manne,Chemical,3,+916875937626,jcherian@example.net,"58/22, Wagle Chowk
Cuttack 959093",True,Both,5,3.2
31627392,Ahana  Raja,Mechanical,2,1841398984,nsinghal@example.com,"H.No. 65, Bhardwaj Road, Aligarh 887482",False,Driver,1,3.6
85092991,Shlok Maharaj,Computer Science,3,+916467699655,anayasachar@example.com,"H.No. 84, Konda Circle, Silchar 754169",True,Passenger,4,3.7
15974668,Veer Barad,Computer Science,2,+919932853418,advikakalla@example.org,"H.No. 448
Lall Zila
Khandwa 948868",False,Both,1,3.2
94827920,Ranbir Bera,Mechanical,1,08256034415,aaryahiswaminathan@example.org,"42
Warrior Ganj, Pallavaram-362406",False,Both,2,4.0
52992478,Yuvraj  Char,Electronics,3,0352396243,urvi07@example.org,"H.No. 17, Dhingra Ganj, Parbhani 815050",True,Both,5,3.4
60853827,Rania Garde,Civil,1,03245865716,aaryahivarty@example.net,"H.No. 19, Desai Path
Ludhiana-155819",True,Both,2,4.3
10327139,Darshit Halder,Electronics,2,+915928745421,gillaayush@example.org,"H.No. 502, Chaudhuri Circle, Bhubaneswar 074826",True,Driver,2,3.2
24889817,Kanav Verma,Civil,2,09972990568,gokul23@example.org,"16/598
Khurana Marg, Muzaffarnagar-914548",True,Driver,2,4.9
47045780,Jayesh Zacharia,Electronics,3,00918006351,senguptanitya@example.org,"H.No. 14
Soman, Udupi-593275",False,Passenger,2,4.4
73547804,Kimaya Viswanathan,Mechanical,4,06283230749,dkorpal@example.com,"H.No. 914, Chandran Road
Madurai 511769",True,Driver,1,4.4
43353935,Sana Saha,Mechanical,1,4695314547,nehmat61@example.com,"29/809, Suresh Marg, Gopalpur-425546",True,Passenger,2,3.6
39812412,Oorja Bose,Chemical,2,2053834614,tloyal@example.org,"H.No. 166
Bhagat Street
Aizawl 490797",False,Passenger,2,4.2
3732412,Manjari Baria,Electronics,2,00619541975,pjha@example.net,"46/93
Iyengar Circle, Burhanpur 038155",True,Driver,5,3.2
8861410,Ehsaan Kapadia,Civil,2,+915607855807,charvitripathi@example.org,"85/19, Saran Road, Haridwar-644657",False,Passenger,3,4.3
2925447,Azad Choudhury,Electrical,1,08663038817,fatehdara@example.com,"78/29, Kapoor Nagar
Proddatur 675116",False,Driver,1,4.2
72594688,Aayush Khosla,Electronics,2,07606418549,ranganathanrohan@example.org,"H.No. 23, Brar Zila
Korba-640083",False,Passenger,5,3.3
15889610,Siya Chana,Mechanical,3,04830639656,ritviksami@example.net,"H.No. 526
Kibe Road, Motihari-811845",True,Both,4,3.4
76233382,Lagan Dasgupta,Mechanical,4,+918604818147,kray@example.com,"71/67, Bhatti Marg
Munger-612241",False,Passenger,3,4.6
34958694,Ayesha Dar,Mechanical,4,+911789248357,soodjivika@example.com,"29/64
Mangat Zila, Amroha-816138",True,Passenger,4,5.0
29015730,Alia Kara,Civil,2,+911872215687,aaravsaraf@example.org,"18/97, Korpal Marg
Vadodara 447157",False,Driver,1,3.0
30380567,Tushar Sengupta,Mechanical,3,0886551147,vivaan81@example.org,"93/21
Hans Street, Etawah 610300",False,Both,3,4.0
53497118,Taimur Ramakrishnan,Chemical,4,5000243341,lataurvi@example.com,"56/067, Devi Ganj, Aligarh-354193",True,Passenger,4,3.0
46753066,Priyansh Keer,Civil,3,04878976619,dhawandevansh@example.net,"H.No. 134
Sagar Marg
Bareilly 684840",False,Passenger,4,3.2
81639067,Myra Butala,Computer Science,2,+914687977577,ydin@example.com,"760, Chakraborty Zila
Tinsukia 756350",True,Passenger,4,3.9
23745219,Ritvik Amble,Electrical,1,05129412424,mirayabalay@example.net,"90/351, Shetty Zila, Gulbarga-878059",False,Driver,5,3.6
8420027,Jivin Raju,Electronics,2,00180471574,smani@example.net,"98/66
Sethi Circle, Meerut 654395",False,Both,2,3.4
60625172,Yuvaan Badami,Civil,3,+913845774546,darasaira@example.org,"09/94, Sidhu Road
Cuttack 080291",False,Passenger,5,4.6
24856818,Farhan Goel,Mechanical,1,2055075574,lakshitbawa@example.net,"H.No. 266, Chand Road
Kishanganj 863595",False,Passenger,3,4.8
66302709,Anika Bir,Computer Science,4,03849475630,lagandass@example.net,"H.No. 456, Brar Road
Nagercoil 820581",True,Both,5,3.6
17593208,Ehsaan Kade,Chemical,1,0250261882,uanne@example.org,"H.No. 43
Dutt Marg, Medininagar 681045",True,Driver,5,4.7
17334491,Kavya Comar,Chemical,4,0948353095,kartiksamra@example.org,"65, Kanda Marg, Maheshtala-278100",True,Both,4,4.9
84657539,Manjari Mand,Electrical,4,02884853388,tyogi@example.net,"97/264, Lad Street
Mumbai 068094",False,Driver,2,3.7
91350006,Samarth Krishnamurthy,Civil,2,01671037670,anya85@example.com,"12
Babu Nagar, Darbhanga-288610",True,Both,2,4.4
49255197,Pari Mahajan,Computer Science,4,+911359235683,achander@example.net,"51/31, Dutta Ganj
Meerut 934185",True,Both,1,3.5
3726781,Sumer Karpe,Electrical,4,3590012976,udeol@example.com,"H.No. 528
Bhagat Path, Nagercoil 166301",True,Passenger,2,4.6
93743119,Aradhya Krishna,Computer Science,4,03729291584,qkale@example.org,"89
Sagar Road, Shimla-513078",False,Both,3,3.9
97874206,Yakshit Suri,Mechanical,4,+917369404049,arorajayant@example.net,"33/37
Comar, Dharmavaram-832223",True,Passenger,1,4.7
49291207,Aaryahi Vora,Mechanical,2,+913245701874,ayesha25@example.net,"30/40
Toor Path
Warangal 931738",False,Both,3,4.2
70119055,Nirvaan Varkey,Civil,1,03408599394,samarthhalder@example.com,"H.No. 49
Gupta Path, Sagar-346452",True,Both,3,4.7
53954810,Rania Bhatt,Computer Science,4,08222467085,zbatra@example.net,"H.No. 533
Sharma Marg, Serampore-338419",True,Driver,1,3.9
3228228,Hazel Bali,Computer Science,4,+913639910622,samarhari@example.com,"H.No. 66
Talwar Chowk
Dehradun 169124",False,Passenger,2,3.3
27331065,Raghav Biswas,Electronics,4,9662935790,esetty@example.org,"321
Som Zila
Adoni-712976",False,Driver,2,4.8
4584649,Riya Dasgupta,Mechanical,3,3046398470,myrahayer@example.org,"22
Srivastava Zila
Tadipatri-272779",True,Both,2,4.0
59882615,Aaina Suri,Computer Science,3,02227077905,vedikasekhon@example.net,"H.No. 64
Din Path, Sambhal 517222",True,Passenger,4,3.2
22477689,Riya Balakrishnan,Computer Science,2,5857905749,nirvi20@example.org,"H.No. 34
Borde Chowk, Silchar-682286",True,Passenger,3,3.1
36374117,Devansh Ghose,Electrical,4,08000875233,divijsathe@example.org,"98, Dasgupta Circle, Mehsana 698006",True,Both,5,4.2
57551901,Nitara Venkatesh,Electrical,4,4253356932,vihaankata@example.net,"H.No. 26
Manda Zila
Tirunelveli-180988",False,Passenger,4,3.7
38725691,Damini Atwal,Chemical,3,0664024182,ctaneja@example.org,"H.No. 253
Subramanian, Kishanganj 963528",False,Driver,5,4.2
83561956,Aarna Savant,Electronics,2,+912303850466,cdhawan@example.org,"H.No. 168
Dua Road, Loni-767849",False,Driver,2,3.4
80515689,Ishita Chakrabarti,Electronics,1,8195802389,khuranasara@example.net,"652
Batta Ganj
Pune 033223",False,Both,4,3.6
1535441,Sumer Loyal,Computer Science,4,+917880170651,sanabrahmbhatt@example.org,"13/83, Kamdar
South Dumdum 098005",False,Driver,1,4.1
76118626,Khushi De,Electronics,1,+913124109293,sulemannat@example.com,"493, Rastogi Marg
Sangli-Miraj & Kupwad-895296",True,Passenger,5,3.9
47460862,Sahil Mani,Mechanical,1,+918331088763,isengupta@example.com,"73/183
Goyal Zila, Davanagere 840140",False,Both,2,4.4
5139855,Rati Chandra,Electrical,3,07782132580,divitrastogi@example.com,"H.No. 043, Vig Marg, Tadipatri 165168",False,Both,1,3.6
25595932,Mohanlal Vyas,Electronics,1,06709872698,kadenavya@example.net,"013, Ramanathan Road
Pali-652617",True,Both,3,4.1
47586836,Azad Ahuja,Computer Science,3,8557431921,bhavsarrasha@example.net,"14/875, Mand Path
Panihati 896844",True,Passenger,4,4.6
37094047,Tushar Gulati,Electronics,3,8020534138,darshit76@example.com,"77/76
Ray Chowk
Bellary 230660",True,Both,2,3.3
78792784,Keya Bakshi,Electrical,3,06090776510,reyansh28@example.net,"H.No. 305, Suresh Marg, Vadodara 146524",True,Driver,4,4.6
23725649,Lagan Kumer,Chemical,3,8451421442,mannat32@example.net,"H.No. 332, Manda Ganj
Gurgaon 173046",False,Passenger,3,3.8
65390038,Ehsaan Shetty,Electronics,4,+917938456492,jiyamanne@example.org,"258, Mangal Path
Kulti-778949",False,Both,2,3.5
36228931,Arhaan Dhaliwal,Electronics,4,1499410624,mmajumdar@example.org,"H.No. 129, Sankar Path, Jodhpur-672502",True,Passenger,2,3.3
4103718,Purab Sahota,Electronics,2,+913139291073,ramachandrantiya@example.com,"76, Rajagopalan Ganj
Karnal 674590",False,Both,2,4.6
47162123,Prerak Sinha,Mechanical,2,3858296219,indrajitratti@example.org,"85, Tella Circle, Belgaum-258511",True,Passenger,3,3.0
72604068,Drishya Jha,Electrical,3,+911951335921,dashshlok@example.net,"891, Krishna Road, Visakhapatnam 310145",True,Both,5,3.9
5921411,Shlok Kadakia,Chemical,2,7485672032,seherde@example.com,"H.No. 308
Tella Road, Thane-909850",True,Both,5,4.5
40746601,Dhanuk Ratti,Electrical,1,+910342187817,bajajindrans@example.com,"H.No. 154, Chakraborty Nagar, Coimbatore-987131",True,Passenger,1,4.8
59278385,Anya Divan,Electrical,1,03657009519,isheth@example.net,"61, Biswas Ganj, Danapur 005290",False,Driver,2,3.3
45059599,Adira Master,Chemical,3,2450460858,samaira24@example.org,"H.No. 69
Sane Zila, Alwar 059509",True,Passenger,3,4.6
51848838,Indrans Anne,Electrical,4,04788202491,hridaansom@example.org,"84/40
Bhatnagar Ganj, Gangtok-343101",True,Driver,4,3.1
89843246,Eva Talwar,Chemical,2,09142232964,dsane@example.com,"71/815, Rau Ganj, Berhampur 394580",False,Passenger,3,4.5
15938268,Rasha Bains,Computer Science,4,07005011264,doshijayan@example.org,"H.No. 31, Krishna Nagar
Malda 457676",True,Both,3,4.5
83710977,Madhav Butala,Computer Science,4,1816845603,chadahridaan@example.net,"H.No. 58, Tiwari Nagar, Pali 956538",False,Driver,4,3.4
75909084,Ehsaan Lalla,Chemical,1,00428941041,hkulkarni@example.org,"52, Khare Circle
North Dumdum 283520",True,Both,4,5.0
4414123,Saanvi Sharaf,Civil,4,08616421639,krishnanalia@example.org,"14/80
Rajagopalan Ganj, Silchar-690785",True,Driver,3,4.9
66897355,Umang Vora,Civil,2,03683134883,hazelbedi@example.org,"73/974
Sabharwal Ganj
Bangalore-674340",False,Both,1,3.3
49130032,Samiha Shetty,Chemical,2,06218783604,bassitanya@example.com,"H.No. 03
Choudhary Street
Kavali-224239",False,Both,3,3.1
60756282,Mehul Golla,Civil,1,03918682992,chadhariya@example.com,"H.No. 14
Shere Marg, Sonipat 371704",True,Passenger,5,4.8
96264277,Aniruddh Anne,Electronics,2,+912401353236,mamooty33@example.net,"68/02
Bhasin Chowk
Latur-219317",True,Passenger,4,3.5
77116798,Riya Krishna,Civil,4,05649993938,indrans16@example.net,"04/44
Grover Marg
Hospet 651340",False,Both,5,4.3
78060456,Aayush Datta,Civil,3,+911323463903,zaradatta@example.com,"H.No. 110, Sehgal Zila, Sonipat 127622",True,Driver,1,4.5
29316724,Kabir De,Electrical,1,3555412780,yuvraj-bath@example.net,"51/641
De Nagar, Deoghar-171966",True,Driver,5,3.3
17009498,Renee Dey,Civil,2,08853665565,krajagopalan@example.com,"H.No. 85, Saran Chowk, Dibrugarh-828300",False,Passenger,4,3.7
86965788,Nayantara Solanki,Chemical,2,+915451970483,mjani@example.com,"26
Arya Path, Serampore-437970",True,Driver,4,3.7
15279464,Aaryahi Rama,Chemical,1,2582730346,wbal@example.org,"54/071
Dass Marg
Morbi-713325",True,Passenger,5,4.2
1622292,Nitya Chanda,Chemical,2,+917982871400,samrachirag@example.com,"H.No. 96
Sanghvi Path, Bangalore-916866",False,Both,2,4.6
55551603,Jivin D’Alia,Electronics,2,+916384380369,tejasthakkar@example.net,"H.No. 79, Cheema, Ambala 692820",False,Both,1,3.2
44521468,Jayant Dixit,Civil,2,5427107426,ksaxena@example.org,"376
D’Alia Road
Raebareli 020883",False,Both,3,4.2
21519482,Rati Lata,Mechanical,1,6127758726,vivaansoman@example.net,"68/01, Kota Road, Madhyamgram 058909",False,Both,5,3.6
72843194,Uthkarsh Mangal,Mechanical,3,08628704922,parijani@example.org,"37/928
Dani Road
Jalgaon-343578",True,Both,3,4.2
18951052,Stuvan Rastogi,Electrical,2,08958866883,shayak32@example.com,"772
Samra Chowk, Latur-060432",False,Driver,5,4.1
31256119,Kashvi Ratta,Electronics,3,5673115944,vkala@example.com,"H.No. 069
Tripathi Marg
Eluru 200148",False,Both,4,4.9
80845026,Kavya Tata,Civil,1,+919451817753,ranbir18@example.org,"H.No. 496
Master Chowk, Sagar-042899",True,Both,1,4.9
4751828,Baiju Basu,Computer Science,3,4045823623,csubramaniam@example.com,"53/52
Balan Path
Katni 079607",False,Passenger,5,4.3
46214572,Umang Rout,Electronics,2,5263256100,mamootyhanda@example.org,"H.No. 614
Sangha Nagar, Moradabad 481209",False,Both,3,4.7
24178250,Stuvan Verma,Electrical,1,04598960557,diya17@example.net,"66/84, Thakkar Marg
Aligarh 179109",False,Passenger,4,3.4
94907036,Badal Taneja,Electronics,3,07487030433,zvora@example.net,"H.No. 686, Lal Ganj
Kadapa 630212",True,Both,5,3.7
79825031,Aarav Issac,Mechanical,3,08329939191,raghavchaudry@example.net,"479
Varma
Erode 996935",False,Passenger,4,3.1
23921087,Eva Borah,Electronics,2,9716622399,raouthkarsh@example.com,"H.No. 543
Sood Circle, Latur-064634",True,Passenger,5,3.0
48897362,Farhan Agate,Chemical,1,06853984788,ykaran@example.net,"H.No. 14, Sidhu Chowk
Jaunpur-747998",True,Driver,2,4.5
25770633,Trisha Borde,Electronics,3,+915599126718,kandaoorja@example.com,"H.No. 934, Ahuja Ganj, Pallavaram-213575",False,Both,1,5.0
6652496,Chirag Upadhyay,Chemical,3,8959957880,ladtarini@example.com,"545, Deo Street, Ballia-281391",True,Passenger,3,4.1
6608430,Ehsaan Varkey,Electronics,2,+919501608187,eshanichaudhary@example.net,"230
Sha Road, Jalna 773721",True,Passenger,3,3.6
75072198,Umang Zacharia,Computer Science,3,+916581534651,umangmandal@example.net,"65
Kala
Gwalior 125155",True,Passenger,2,3.7
54001685,Urvi Seshadri,Chemical,1,06728353012,ghans@example.org,"H.No. 90
Desai, Serampore 424728",True,Both,1,3.1
69223460,Anya Char,Computer Science,2,2072551690,indrajit16@example.org,"H.No. 80, Rege Zila
Kirari Suleman Nagar-452516",False,Both,1,3.3
59614105,Samiha Wagle,Computer Science,2,+917689622105,indrajit82@example.net,"96/83, Mangal Zila
Rajpur Sonarpur 314059",False,Both,2,4.6
15847005,Divij Balasubramanian,Mechanical,2,+914444194571,manjari37@example.org,"800, Bakshi Marg, Aurangabad 859120",False,Driver,2,4.0
76090286,Dharmajan Seshadri,Computer Science,4,5119313970,eva23@example.net,"47/57, Devi Path, Kolkata-795439",False,Driver,5,4.6
40726154,Oorja Mand,Mechanical,3,06755666617,ykhanna@example.com,"H.No. 58, Golla Path, Gandhinagar-581001",False,Both,4,3.4
61078099,Riaan Sankaran,Civil,1,0315082858,vivaan60@example.com,"24/19
Johal Ganj, Bijapur-817787",False,Both,1,4.0
99083490,Yuvaan Khare,Mechanical,3,+911820755050,jayanchawla@example.com,"06/148, Malhotra Chowk
Kanpur 547894",False,Passenger,2,3.7
90490165,Divit Mall,Electronics,2,02704246937,seherbakshi@example.com,"H.No. 276, Agrawal Chowk
Mathura 588624",True,Driver,5,3.9
69043792,Vidur Guha,Electronics,2,05348723482,nakul19@example.com,"977
Sankaran Chowk, Meerut-651706",False,Both,3,4.6
84924297,Divyansh Balan,Computer Science,1,02541432838,prisha84@example.net,"86/112, Sandhu Marg, Darbhanga 829296",True,Driver,2,3.7
33261247,Prerak Wadhwa,Mechanical,3,+919955872591,kalitaabram@example.net,"24
Sem Path, Farrukhabad-058124",True,Passenger,2,3.6
60581019,Sumer Dhingra,Electrical,4,00863414708,hbrahmbhatt@example.com,"49/14, Bains Road
Belgaum-521224",True,Passenger,4,4.5
72601073,Seher Lalla,Computer Science,2,+919745501447,uppalakarsh@example.org,"10/921, Chawla Chowk, Vadodara 472261",False,Driver,1,4.4
13161189,Ishita Buch,Chemical,2,01107600424,qgokhale@example.org,"541, Bala Street, Deoghar-377893",True,Driver,3,3.2
60250094,Tarini Date,Chemical,2,07342124011,prerakganesh@example.net,"68/93, Ray Path
Motihari 859800",True,Passenger,5,4.5
5111319,Manjari Raj,Civil,4,+919339269207,halderemir@example.com,"215
Balasubramanian Path, Ambala 148196",True,Passenger,5,4.6
74526849,Vihaan Gupta,Electronics,1,05887251247,rohanbrahmbhatt@example.org,"55, Samra
Durgapur 674470",False,Passenger,1,4.1
33633679,Kabir Sahni,Computer Science,4,+916304673812,madanarhaan@example.net,"81, Bir Street, Kottayam 775260",True,Both,3,5.0
21848358,Tejas Golla,Electrical,4,7304366689,mamootybora@example.net,"H.No. 845, Swaminathan Path, Rewa-581014",False,Both,2,4.8
85742522,Amira Bedi,Chemical,1,+913298264478,bhasinadira@example.org,"65/267, Bedi Path
Thoothukudi-895895",False,Both,2,3.2
6489350,Urvi Warrior,Electrical,3,+913926358359,aniruddhkade@example.net,"26, Kala Street, Malda-276438",False,Passenger,4,3.1
27271898,Jivika Chowdhury,Electronics,2,06510978963,kakarnayantara@example.org,"01, Apte Zila
Hyderabad-271021",False,Driver,2,4.4
26106661,Indranil Hayre,Electrical,1,+913529762709,xsem@example.com,"79/962, D’Alia Ganj, Nellore-368654",True,Passenger,2,3.9
84488857,Saira Lanka,Computer Science,3,+912952687386,purabgola@example.net,"83/60, Chana Nagar
Agartala-727159",False,Driver,4,4.6
20485961,Neelofar Bains,Computer Science,2,02687657163,pchawla@example.net,"78/47
Bhatti Circle, Orai-177174",False,Passenger,5,3.7
59257118,Mannat Thaker,Chemical,3,+914006339192,seshadrinirvaan@example.org,"H.No. 78, Sibal Marg
Meerut 687389",False,Both,5,3.2
25314782,Nehmat Setty,Electronics,4,04090938442,ryanborra@example.org,"H.No. 96, Kanda Street, Anantapuram-588129",False,Passenger,5,4.0
50771471,Tanya Gour,Electrical,1,+910485693553,kairalal@example.com,"47/07
Doctor Zila
Machilipatnam-963934",True,Driver,3,3.3
35295842,Madhup Malhotra,Computer Science,3,7769334461,romil70@example.com,"725, Chand Chowk, Srikakulam-114467",False,Driver,2,4.9
4250793,Manikya Sundaram,Electronics,4,03410850364,aarna66@example.org,"H.No. 770, Kapadia Street, Morbi-412325",False,Both,5,4.1
40147306,Emir Gulati,Chemical,1,+918697223491,jayeshgokhale@example.net,"37/651
Rau Zila
Dewas 441806",True,Both,1,4.7
5464504,Mannat Varkey,Civil,4,4662734685,vritikabal@example.com,"41/38, Lala Ganj, Kavali 781603",True,Passenger,5,4.3
19796337,Anahita Ahuja,Computer Science,2,+913984824267,kiarakala@example.com,"H.No. 56
Wadhwa Chowk
Belgaum 885957",False,Driver,1,4.2
97126353,Nirvi Gaba,Computer Science,4,9863667908,warriorehsaan@example.net,"H.No. 44
Gaba, Mango-380853",False,Both,1,4.6
88278617,Indrans Sabharwal,Mechanical,1,6121303775,prisha49@example.org,"H.No. 47, Viswanathan Circle
Jodhpur-386533",True,Driver,1,3.9
55031196,Tarini Ganesan,Electrical,3,6033901700,shroffyashvi@example.net,"H.No. 03
Biswas Chowk, Khandwa 523948",False,Driver,2,3.0
93398758,Aradhya Sawhney,Mechanical,2,02178750393,badalparinaaz@example.com,"36, Kakar Chowk
Akola 842686",False,Both,3,4.7
46617072,Tanya Vohra,Mechanical,2,07462702870,dganguly@example.com,"H.No. 88
Bhandari Road
Noida-719742",True,Driver,1,4.2
11273028,Rasha Raval,Chemical,4,+918499076030,vidur43@example.net,"H.No. 87, Ramesh Path, Jaipur 782695",True,Driver,5,4.1
38737765,Jivin Das,Mechanical,1,5016836556,samar85@example.com,"94, Tank Circle, Delhi 879202",False,Both,1,3.9
6870260,Taran Bhatt,Chemical,3,+917928356172,rsingh@example.net,"H.No. 27
Raj Zila, Warangal-719269",False,Driver,5,3.9
33342756,Ela Sengupta,Mechanical,2,05362712089,nramachandran@example.com,"60/03, Deo Street, Karnal-471105",False,Both,5,3.3
47770830,Umang Bhattacharyya,Chemical,3,8846173348,aayush32@example.org,"80
Shetty Zila
Ambarnath 170903",True,Driver,4,3.7
54492721,Prerak Basu,Civil,3,7462348355,anahisidhu@example.org,"00/342, Chandran Zila, Akola-814522",True,Driver,4,3.1
9460664,Pari Mannan,Electrical,3,08589800646,kwadhwa@example.org,"H.No. 455
Kumer Road, Hajipur-952194",True,Driver,2,3.4
64921034,Jayesh Kumar,Civil,1,3654182768,indrans82@example.org,"96
Bali Circle, Asansol 163751",False,Both,5,3.3
40204573,Vardaniya Ganesan,Civil,2,04704759574,badal03@example.net,"17
Som Zila, Hajipur 783454",False,Driver,3,3.3
31918723,Tanya Mandal,Electronics,1,+916605441820,agera@example.org,"82/566, Chacko Circle
Dehradun-382624",True,Both,5,3.2
26378902,Ela Anne,Civil,4,3834188883,pvig@example.net,"87/51
Hans Ganj
Morena-923796",True,Driver,5,4.1
20842409,Akarsh Ganesan,Electronics,4,00680901739,lchanda@example.com,"249
Edwin Chowk
Raiganj 594654",False,Both,4,3.5
99047391,Lakshay Deep,Mechanical,3,04466284793,rattashaan@example.net,"955, Bains Street
Amritsar 029750",False,Driver,3,4.3
49750127,Badal Batta,Chemical,3,08637694374,kbhagat@example.net,"97
Thaker, Gangtok-145916",False,Both,1,3.1
82109903,Charvi Comar,Civil,2,+915815964963,anahita52@example.org,"79/593
Khalsa Chowk
Bettiah 580995",True,Driver,1,4.2
18283234,Yuvaan Dewan,Mechanical,4,6707990449,advik51@example.net,"26/60, Sankar Marg
Allahabad-495918",False,Both,2,4.9
48118295,Krish Chanda,Mechanical,1,01827239788,rastogiparinaaz@example.com,"H.No. 295, Mahajan, Pondicherry-850709",True,Passenger,3,4.3
4249277,Hiran Bandi,Civil,4,4970448798,jlad@example.net,"H.No. 86, Contractor
Rewa 454663",False,Both,4,3.2
88841272,Nehmat Sura,Mechanical,4,+914889022899,elabal@example.com,"52/910
Bobal Street, Varanasi-179501",True,Both,1,3.1
94574352,Kartik Krishnamurthy,Civil,2,04339167969,ksandal@example.com,"H.No. 20
Ramaswamy Chowk
Firozabad-909119",False,Passenger,2,3.4
69910037,Advika Bajwa,Computer Science,2,08678411998,arhaan78@example.com,"H.No. 85, Chahal Zila, Chandrapur 490608",False,Both,2,3.2
50816208,Anay Bath,Computer Science,3,07149278532,kaurjivika@example.org,"22, Upadhyay
Panihati 752644",True,Passenger,1,5.0
12188947,Advik Goda,Civil,3,0273163691,nakulgrewal@example.com,"63/95
Konda Zila
Maheshtala-935706",False,Both,5,4.0
23915333,Ishaan Kata,Computer Science,2,09530109451,saksham72@example.org,"H.No. 90
Bir, Ramgarh 506944",False,Passenger,2,3.7
43037524,Vivaan Talwar,Civil,3,4789586265,nityachopra@example.org,"487
Sachar Path
Serampore 493628",True,Both,2,4.9
76264773,Sumer Mander,Computer Science,3,+918789711972,drishya39@example.net,"24, Chauhan Path, Bongaigaon 891543",False,Both,1,3.4
60181705,Heer Sangha,Electronics,2,+914274602833,vdhingra@example.com,"061
Johal Marg, Tenali-198806",False,Driver,1,4.3
87794462,Kismat Karan,Electronics,1,2666864594,arnavsen@example.org,"H.No. 90, Dada Path, Pune-150002",False,Both,1,3.4
55876038,Seher Thaman,Civil,4,3855609608,aniruddh18@example.net,"783, Krish Path
Raiganj 314216",True,Driver,4,3.8
19690108,Damini Baria,Computer Science,2,7813550909,nirvikibe@example.org,"47
Bassi Chowk, Bahraich 637577",False,Driver,1,5.0
22061611,Aarna Bora,Mechanical,1,07433556477,kotaelakshi@example.net,"27/028
Konda Circle
Ichalkaranji-552687",False,Passenger,4,3.6
73970668,Raunak Wadhwa,Chemical,2,+910687463114,elakshiagrawal@example.org,"29/40
Chandran Nagar, Salem 763819",True,Passenger,5,4.1
63146576,Nakul Tripathi,Electrical,4,0516623025,karapiya@example.com,"46
Edwin Path
Karaikudi 435251",True,Both,4,4.2
41508259,Abram Bandi,Chemical,2,+910958173469,trivedikrish@example.org,"H.No. 443, Walia Nagar, Karimnagar-575749",False,Both,2,4.7
57855301,Bhamini Sarna,Electronics,2,7371625556,kairagill@example.net,"H.No. 18, Rajagopalan Path, Bokaro-028245",True,Driver,3,3.2
870115,Taimur Sule,Electronics,2,5996501436,okade@example.org,"H.No. 219
Bahl Ganj, Navi Mumbai-259173",False,Passenger,5,4.0
50961876,Yuvraj  Ahluwalia,Computer Science,1,7969695711,rohan56@example.org,"49, Khanna
Morena 667582",True,Passenger,5,3.2
68263139,Aaina Kala,Electronics,3,04812582148,sahotasara@example.com,"H.No. 45
Karpe Nagar, Bilaspur 133707",False,Both,2,5.0
18918743,Shanaya Virk,Electrical,4,+919083158108,deshpandeyuvraj@example.net,"72/95, Swaminathan Marg, Bettiah 783686",False,Driver,4,4.7
53361844,Anahita Dyal,Electronics,1,01550909153,chanderkiaan@example.org,"13/831, Kalla Circle
Ujjain-865816",False,Both,5,4.9
96839101,Arnav Khosla,Electrical,4,2936247271,vidurdani@example.net,"861
Roy Circle
Dhanbad-325010",False,Passenger,1,4.5
31110273,Rati Dugal,Electrical,3,05938263152,badalriaan@example.org,"06, Ahluwalia Zila, Surat 703647",True,Driver,3,4.5
7688169,Kabir Deo,Electronics,3,00727926561,ayesha19@example.net,"87/824
Soman Nagar
Phagwara 449694",False,Both,1,4.8
16845411,Alia Bhat,Electronics,4,4473571783,rohanbasu@example.com,"H.No. 505, Shroff Path, Amritsar-984298",True,Both,1,3.1
19624181,Indrajit Sule,Mechanical,1,8308381789,ukumer@example.org,"49/965
Rao Path
Jalna-757364",False,Both,1,3.1
83455323,Mannat Jain,Chemical,4,+911160603219,navyagour@example.com,"H.No. 730, Babu Street, Coimbatore 346619",False,Driver,5,3.4
31316284,Rhea Bhandari,Mechanical,1,+913525607100,farhanbutala@example.com,"60/294, Handa Ganj
Chittoor-239524",False,Both,5,4.7
71644681,Tarini Choudhury,Electrical,3,+915396917881,gouryuvaan@example.net,"18
Sampath, Jehanabad-461215",True,Both,2,4.4
75510753,Veer Sule,Electrical,1,9374082920,nayantarasinghal@example.org,"015, Desai Zila
Tumkur 778180",False,Passenger,2,4.5
8449506,Advika Kari,Civil,3,00766281860,sawhneykiara@example.net,"47
Khatri Circle
Deoghar-063243",True,Both,1,4.7
40346071,Anya Bhalla,Electrical,3,+911039718720,buchkavya@example.com,"H.No. 68, Andra Circle, Hyderabad-065339",True,Both,5,3.8
34717861,Madhup Bava,Chemical,4,01738541608,nishith61@example.org,"29/973, Sibal Path, Ahmednagar 997002",True,Both,5,3.3
76829411,Reyansh Shankar,Civil,4,+913831802901,zray@example.com,"79/439, Sarin Marg, Mumbai 029523",True,Passenger,1,4.2
11391800,Jhanvi Rajagopal,Electrical,2,3159345355,gdasgupta@example.com,"H.No. 32, Sathe, Phusro-240188",False,Both,3,3.5
68185220,Manikya Khatri,Chemical,4,6984145683,onkar85@example.net,"01/10, Wason Street, Silchar 813370",False,Driver,5,4.1
42256699,Aayush Hora,Mechanical,2,+910483850772,subramaniamromil@example.org,"986, Chander Path
Morbi-120134",False,Passenger,5,3.3
17254142,Jiya Sankar,Mechanical,1,5615143840,hazelshenoy@example.org,"76/936
Varty Marg
Bhilai 608970",False,Both,4,3.1
71325726,Ivan Gill,Mechanical,4,05293930572,krishnataimur@example.com,"827, Dubey Road, Ahmedabad-749758",True,Passenger,5,4.2
6150534,Samarth Madan,Computer Science,4,+918838356585,urvi19@example.org,"76/21, Suri Street, Guna 813211",True,Driver,3,4.1
44481484,Neysa Bhatnagar,Electrical,3,5201758616,swaminathanmishti@example.net,"59/178
Mandal Circle, Saharanpur-506474",False,Passenger,3,4.4
8815776,Neelofar Vala,Civil,3,00941192483,elabaral@example.com,"H.No. 39, Buch Path
Nagercoil 709388",True,Passenger,1,4.5
18818463,Anahita Jhaveri,Electronics,2,00096274047,ravelmehul@example.org,"78, Chawla, Kavali-870960",True,Passenger,1,3.4
48406017,Zain Agate,Civil,3,04550991050,divijbhat@example.net,"32/494, Varma Nagar, Sasaram-469477",True,Passenger,3,4.7
36284418,Oorja Chaudry,Electronics,2,00119128905,faiyazsingh@example.org,"00/312, Trivedi Chowk
Karimnagar-612633",True,Both,5,4.1
82493791,Umang Bhasin,Mechanical,3,7061826349,devanshkade@example.org,"H.No. 11, Vig Ganj, Jamnagar-463641",True,Driver,1,4.7
78472202,Advik Dara,Chemical,4,+917653357200,faiyaztrivedi@example.net,"H.No. 74
Kari Chowk
Sonipat-099078",False,Driver,5,3.7
56560268,Jayan Dutt,Electrical,2,7703563621,jayankapoor@example.org,"93/524, Khanna Road, Jaunpur 810569",False,Passenger,3,3.6
11725932,Hrishita Goyal,Civil,4,7165341711,khushisodhi@example.com,"H.No. 77, Din Path, Noida 902979",False,Both,2,3.0
35026339,Divit Johal,Civil,1,06573894990,sravi@example.org,"482
Lad Zila
Hazaribagh 700483",False,Passenger,4,4.7
42932388,Anvi Kunda,Computer Science,3,7964757207,goelivana@example.org,"23/013, Ghosh Nagar, Vijayawada 011401",True,Both,1,3.3
30187360,Nayantara Kara,Civil,4,+910070473782,inaaya-sinha@example.com,"H.No. 000
Saxena, Ghaziabad-867461",True,Driver,4,4.3
1909736,Hridaan Chahal,Civil,3,4099989704,ranbirbahl@example.com,"H.No. 55
Shenoy Circle
Deoghar-904559",False,Both,4,4.8
64894743,Miraan Balasubramanian,Civil,4,+914509043959,divanjayant@example.com,"36
Raju Circle, Sambhal 311431",False,Both,1,3.4
59430970,Nehmat Contractor,Civil,4,01138629996,kararati@example.net,"86
Rajan Chowk
Saharanpur-241849",False,Driver,1,3.2
82728839,Jayant Grewal,Electronics,2,04483497896,isur@example.net,"992, Salvi Road, Nandyal-954816",True,Both,3,4.2
26719158,Eva Sastry,Civil,1,05969107560,prerak32@example.org,"H.No. 750, Sanghvi Circle, Motihari-429694",True,Both,4,3.8
80216008,Ayesha Andra,Civil,1,+919632090342,sdar@example.net,"442, Bakshi Ganj, Kadapa 426283",False,Driver,3,4.9
4660759,Neysa Khanna,Computer Science,3,4365403500,nishithbhattacharyya@example.com,"41/52
Deshpande Nagar, Raurkela Industrial Township 880854",False,Both,5,4.9
16216934,Kashvi Balasubramanian,Computer Science,3,+917627275370,sumerkar@example.org,"H.No. 999, Chacko Road, Dindigul 381656",True,Passenger,2,3.4
6699529,Sana Mane,Electrical,1,+919600757371,mandvritika@example.org,"H.No. 68, Kapoor Nagar, Kharagpur-053140",True,Driver,4,4.5
48333248,Indranil Ahluwalia,Electrical,1,+916030697414,mishtisehgal@example.net,"H.No. 37
Dhar Ganj, Kollam-259310",True,Both,1,4.3
31333879,Raghav Andra,Computer Science,2,5551381217,oorjahans@example.com,"H.No. 361
Khosla Nagar, Anantapuram-213422",True,Driver,5,4.2
13822252,Dishani Sarna,Electrical,2,+917702455724,vritikasalvi@example.net,"H.No. 008, Aurora Circle
Panchkula 756531",True,Passenger,2,3.7
45657786,Veer Mallick,Chemical,3,05475189481,tarakrish@example.net,"H.No. 089
Shere Nagar, Karnal-146853",True,Driver,1,4.1
83649499,Anya Bobal,Computer Science,2,7598024672,jivika65@example.com,"86/73
Ranganathan Path
Ramgarh-789407",True,Passenger,5,4.2
32468842,Jivin Char,Chemical,4,05194199922,vaibhav26@example.com,"H.No. 04, Chada Road
Phagwara-690249",True,Passenger,5,3.6
87818547,Kismat Datta,Computer Science,2,06771360501,stuvan38@example.com,"H.No. 55
Bhagat Chowk, Bellary 233845",False,Both,4,3.5
58587169,Hunar Ahluwalia,Mechanical,2,+916226528191,lavanyajohal@example.com,"978, Thaman Chowk
Naihati-236287",False,Driver,3,4.5
54983135,Anya Sampath,Mechanical,1,06724134768,vihaanseshadri@example.org,"90, Apte
Machilipatnam 011331",True,Both,1,4.6
63454375,Anay Dhingra,Computer Science,3,+911730340268,lakshitchaudry@example.net,"82/66, Wali
Thane-458800",True,Driver,2,3.0
40247573,Gokul Dube,Electronics,4,06737058621,nitya78@example.com,"567
Krish Marg
Saharanpur 961793",True,Passenger,5,4.8
19307819,Nirvaan Agate,Computer Science,4,3757205051,uppaldishani@example.org,"76/71
Khosla, Tiruchirappalli-743828",True,Passenger,1,4.4
12601230,Miraya Wagle,Computer Science,1,0027370952,samiha26@example.com,"H.No. 91, Roy Ganj, Shimoga-741564",False,Driver,4,4.3
70651225,Kiara Halder,Electronics,1,09852887459,idhillon@example.net,"H.No. 630
Salvi Marg
Udaipur-249074",True,Driver,2,3.2
31547454,Vritika Goda,Mechanical,4,+916094577048,fmall@example.com,"821, Maharaj
Bhalswa Jahangir Pur 554329",True,Both,4,4.3
71261718,Renee Chaudhari,Electrical,2,03585094471,mbuch@example.org,"46/044
Deshpande Circle
Ahmedabad-090010",False,Driver,1,3.2
50653571,Ahana  Master,Mechanical,1,+916686035659,dinnayantara@example.net,"11, Ravi Circle, Narasaraopet-935566",True,Both,3,4.6
29218857,Mamooty Chaudhry,Computer Science,2,04177281531,mbandi@example.org,"05/57
Chacko Road, Mysore 683283",True,Both,2,3.0
52962951,Anya Thaman,Electronics,4,03519298570,nayantara26@example.net,"18/504, Khalsa Chowk
Ongole 144289",True,Passenger,3,4.8
61523907,Nirvi Kapoor,Mechanical,4,04663716063,lakshitchawla@example.org,"44/93, Kapur Nagar, Malegaon 016859",False,Driver,3,5.0
21614480,Kismat Bose,Electronics,4,06667147216,kapadianirvi@example.com,"72
Banerjee Street
Ballia 684075",False,Driver,5,3.9
18115427,Myra Shankar,Computer Science,2,4474771550,emirtella@example.org,"07/76, Sood Circle, Barasat-246881",False,Both,2,3.3
41629175,Vidur Edwin,Electronics,2,+917977329117,berahansh@example.com,"H.No. 201, Ghosh Chowk
Kharagpur 806231",False,Driver,3,3.3
89559569,Arnav Chandran,Civil,4,+916872332409,devansh55@example.net,"611, Seshadri Ganj
Vellore 189453",True,Both,3,4.6
52403890,Diya Ramesh,Electrical,4,4818135738,manjaribalan@example.net,"H.No. 959
Kata Circle, Serampore 769923",False,Driver,1,4.9
1246159,Zaina Kata,Electrical,3,0811821948,tellaromil@example.net,"99/92, Goswami Ganj
Satna-448478",False,Passenger,5,3.6
67111070,Jhanvi Bhakta,Electronics,1,09296498285,nitya72@example.net,"33
Kapoor Road
Jehanabad 440784",True,Both,1,4.2
14729020,Lakshit Trivedi,Civil,3,0167837006,wgala@example.net,"H.No. 310, Khurana Road, Phusro-955232",True,Both,1,3.0
68952114,Jayant Das,Civil,3,+917045442310,rohan62@example.com,"89/192, Kapadia Nagar, Mehsana 213640",False,Driver,4,3.4
79828757,Shanaya Kapadia,Civil,1,+914120105929,nayantaradara@example.org,"70/547
Khurana Marg, Bahraich-509910",False,Driver,3,3.5
76338421,Bhamini Sharaf,Civil,4,+911534954721,jhanvisangha@example.org,"H.No. 974, Roy Circle
Maheshtala 642498",False,Driver,2,3.6
72584099,Ryan Dhaliwal,Computer Science,4,5485737844,mehul30@example.net,"57/441, Bala Chowk, Ahmedabad-601822",False,Passenger,1,4.0
88928741,Umang Vora,Electrical,4,01865473133,aaravmannan@example.net,"375
Dave Circle, Bihar Sharif 992317",False,Both,4,3.7
30540031,Sana Chand,Computer Science,2,+912507708401,grege@example.com,"77, Konda Zila
Rajahmundry 433236",True,Both,4,3.4
72698806,Vedika Shan,Electrical,4,+915595833448,ahana-96@example.net,"59/825
Halder Road
Jodhpur-405724",False,Both,5,4.3
61095722,Ira Varkey,Computer Science,2,+910868099107,bentaimur@example.com,"H.No. 09
Chakrabarti Circle
Sikar 837405",True,Driver,4,3.3
24592667,Tiya Sandal,Mechanical,2,7294597562,mangaleshani@example.com,"031, Bhandari Chowk
Pudukkottai 129232",True,Both,3,4.1
22309326,Onkar Bahl,Electronics,4,1167360258,adiradugar@example.org,"01, Kohli Circle
Cuttack 523820",False,Driver,3,3.3
70154003,Damini Kuruvilla,Mechanical,3,+914429233747,gkaur@example.net,"84, Tella Marg
Nellore 893638",False,Both,5,3.2
22192264,Amira Chakraborty,Electrical,1,06751185814,gdalal@example.com,"96
Som Circle
Ghaziabad 920906",True,Both,3,4.8
69114869,Tara Sawhney,Computer Science,2,07672473454,madhav04@example.com,"479, Bobal Zila
Amaravati 957307",False,Both,4,4.8
61327131,Gatik Mannan,Electrical,3,2268428411,dborde@example.com,"H.No. 50, Bala Zila, Narasaraopet-911832",True,Both,2,4.7
643669,Armaan Divan,Civil,1,00415463561,msaini@example.net,"63/49
Goswami Zila, Siwan 953598",False,Passenger,2,4.5
38512182,Shayak Khatri,Computer Science,1,06634486606,pihu11@example.net,"H.No. 394
Mangat Street
Ahmednagar-886111",False,Passenger,5,3.1
86254441,Tarini Zachariah,Civil,3,01335851124,nissac@example.net,"25/931, Mandal Street, Bhiwani-649881",False,Passenger,5,4.2
93349064,Lakshit Bora,Electronics,2,+913535215750,sachdevakrish@example.org,"152
Roy Road
Eluru 759822",True,Driver,1,4.5
51683167,Advik Wali,Chemical,2,+911196416301,advikdhawan@example.com,"H.No. 49, Babu Circle
Dindigul 652287",False,Driver,2,4.6
53169650,Baiju Gill,Civil,1,3334904729,mahika47@example.org,"62/128
Ahluwalia Zila
Haldia-013168",False,Passenger,3,4.8
39126301,Shamik Butala,Electronics,1,+915778038268,trivedishray@example.net,"90, Anne Chowk, Amroha-839385",False,Driver,4,4.2
11972024,Kaira Sagar,Computer Science,2,00514516081,hayertrisha@example.org,"776, Karpe Marg, Hubli–Dharwad 533179",False,Driver,1,3.3
33628793,Tushar Sabharwal,Electrical,1,8935985989,ishaan86@example.org,"H.No. 719
Keer Street
Gwalior-581178",False,Both,2,3.8
41718970,Shaan Aggarwal,Electronics,4,01037738515,tarini74@example.net,"63
Thaker Path
Coimbatore 435569",True,Both,2,3.5
67536406,Ehsaan Tara,Electrical,2,3533182068,divyanshsom@example.com,"H.No. 398
Srivastava Circle, Singrauli-801704",False,Passenger,4,4.0
57743599,Kiaan Thaker,Mechanical,2,01966188974,doctorhazel@example.com,"61/054
Mander Circle
Bijapur-125189",True,Driver,2,4.4
91026260,Navya Dyal,Electrical,3,3179081199,rdeo@example.net,"12/219, Sandal Circle, Bhusawal 879623",True,Both,4,3.4
80621390,Anaya Kapur,Chemical,4,+913569606305,bailshaan@example.net,"15/80, Desai Street, Visakhapatnam 577909",False,Driver,5,4.0
76420011,Hrishita Shah,Mechanical,3,00038969032,xkulkarni@example.org,"734
Saha Marg
Udupi 736093",True,Driver,2,4.6
10758729,Anaya Maharaj,Electrical,2,04915693480,rameshkanav@example.net,"428, Tripathi Chowk, Nadiad-623684",True,Driver,4,3.3
20838055,Aayush Dani,Electronics,3,03015341904,wmani@example.org,"H.No. 30, Mani, Guntur-677451",True,Passenger,3,4.1
99716501,Azad Salvi,Civil,4,+912892915677,hayerzain@example.net,"H.No. 47, Andra Chowk, Gurgaon-270939",True,Both,2,3.6
17042455,Purab Wagle,Electrical,4,08967017887,divit01@example.org,"H.No. 649
Choudhry Path
Chennai 933141",True,Passenger,5,3.2
13395638,Dharmajan Dugar,Electronics,3,+913619482103,sabharwalvedika@example.net,"48
Agarwal Road
Tirunelveli-054414",False,Passenger,4,4.5
64323784,Jayesh Mani,Chemical,4,4685673868,shereaaryahi@example.net,"193, Gola Nagar, Mango 547681",True,Driver,1,4.7
77246780,Eva Khare,Computer Science,3,+912472522600,wsami@example.com,"546
Rajagopalan Path, Rourkela-043948",False,Passenger,1,4.0
31498311,Renee Uppal,Computer Science,1,+915772236816,inaaya-dutta@example.com,"H.No. 473
Dixit Zila, Gandhinagar 571642",False,Both,2,3.8
28400975,Advik Varty,Electronics,3,+917784297214,manikhushi@example.org,"H.No. 004
Lall Chowk
Imphal 743072",False,Driver,4,4.2
39003781,Vivaan Chauhan,Computer Science,4,06640701011,brajagopal@example.com,"H.No. 478
Halder
Cuttack-512847",False,Driver,4,5.0
12722089,Samiha Borde,Computer Science,3,05732032297,venkataramanahana@example.com,"11/86, Kadakia Path
Hapur 587963",True,Passenger,3,4.3
80829943,Adah Wali,Electronics,2,+917571658603,veervarty@example.net,"43/927
Sehgal Chowk
Jaipur 193185",True,Passenger,2,3.1
45645505,Darshit Loke,Mechanical,3,1464063252,raghavghose@example.org,"623
Halder Nagar, Dindigul 311350",False,Passenger,1,4.6
34563216,Nitya Gole,Mechanical,2,08967181284,karamamooty@example.org,"427
Reddy Circle, Nanded-218160",True,Driver,3,4.0
15458964,Purab Kashyap,Chemical,2,+919595956389,boraseher@example.net,"01, Lanka Road, Srikakulam-802521",True,Both,2,3.4
37437801,Abram Saxena,Civil,1,4297185396,keya82@example.org,"H.No. 535, Kalla Ganj, Malda-252105",True,Passenger,1,3.3
93174020,Anaya Badal,Electronics,1,05756576937,mamooty78@example.org,"75/32
Hari Marg
Pudukkottai-143262",True,Both,4,3.3
12816176,Divyansh Iyengar,Civil,2,+916277359082,ivantailor@example.com,"44/558, Barman Road, Mysore 991979",True,Driver,2,4.8
77589617,Tejas Hegde,Electrical,1,08063463583,hariindrajit@example.org,"H.No. 024, Bansal Nagar
Nizamabad 389232",False,Passenger,2,4.6
11253661,Piya Gera,Electrical,1,+915727885220,mandalfateh@example.com,"H.No. 975, Biswas Street
Bahraich 939848",False,Driver,2,3.2
97447828,Onkar Mallick,Chemical,3,6816336716,amira34@example.org,"63/086
Krishna Marg
Jaipur 983284",True,Passenger,5,3.1
61004206,Kabir Kuruvilla,Electronics,2,+916438127230,umang61@example.org,"40/81
Kamdar Nagar, Bhavnagar 642373",True,Passenger,5,4.0
27860180,Shray Batra,Electronics,4,03114048509,prerakdas@example.com,"53/50, Gala Street, Lucknow 467258",False,Driver,5,3.3
10020860,Ishaan Loyal,Chemical,1,+911226322236,edwinmadhav@example.net,"59/33, Walia Circle
Haldia-881192",True,Passenger,2,4.7
3340059,Amani Som,Computer Science,1,07475342446,hanspiya@example.net,"77/55
Choudhary Road
Kota 697249",True,Passenger,2,3.2
49887354,Kismat Issac,Chemical,4,05557929605,rattipihu@example.com,"04/262, Balan Circle
Nagercoil 619646",False,Passenger,5,4.4
93020144,Vaibhav Jani,Chemical,3,09856390356,issackiaan@example.net,"H.No. 85, Doctor Zila
Kulti 256121",False,Passenger,4,4.5
